date,Adj open,Adj close,,open,,close
2019-04-24,74.52,72.65,,74.52,1000,72.65
2019-04-24,78.07,74.52,,78.07,1000,74.52
2019-04-22,74.10,78.04,,74.10,1000,78.04
2019-04-21,76.56,74.11,,76.56,1000,74.11
2019-04-20,79.52,76.51,,79.52,1000,76.51
2019-04-19,81.74,79.50,,81.74,1000,79.50
2019-04-18,83.07,81.78,,83.07,1000,81.78
2019-04-17,83.79,83.07,,83.79,1000,83.07
2019-04-16,82.27,83.78,,82.27,1000,83.78
2019-04-15,84.64,82.31,,84.64,1000,82.31
2019-04-14,0.083731,0.084643,,83.731,1000,84.643
2019-04-13,0.083485,0.083731,,83.485,1000,83.731
2019-04-12,0.083584,0.083463,,83.584,1000,83.463
2019-04-11,0.089929,0.083385,,89.929,1000,83.385
2019-04-10,0.083779,0.089964,,83.779,1000,89.964
2019-04-09,0.086989,0.083749,,86.989,1000,83.749
2019-04-08,0.090466,0.087009,,90.466,1000,87.009
2019-04-07,0.090161,0.090484,,90.161,1000,90.484
2019-04-06,0.091214,0.090289,,91.214,1000,90.289
2019-04-05,0.087355,0.091226,,87.355,1000,91.226
2019-04-04,0.090518,0.08737,,90.518,1000,87.37
2019-04-03,0.085437,0.090723,,85.437,1000,90.723
2019-04-02,0.07231,0.085467,,72.31,1000,85.467
2019-04-01,0.069651,0.07233,,69.651,1000,72.33
2019-03-31,0.071739,0.069746,,71.739,1000,69.746
2019-03-30,0.071257,0.071739,,71.257,1000,71.739
2019-03-29,0.065763,0.071289,,65.763,1000,71.289
2019-03-28,0.067593,0.065828,,67.593,1000,65.828
2019-03-27,0.062232,0.067595,,62.232,1000,67.595
2019-03-26,0.059206,0.06237,,59.206,1000,62.37
2019-03-25,0.06185,0.059025,,61.85,1000,59.025
2019-03-24,0.063723,0.061704,,63.723,1000,61.704
2019-03-23,0.057993,0.063781,,57.993,1000,63.781
2019-03-22,0.052906,0.058062,,52.906,1000,58.062
2019-03-21,0.053957,0.0529,,53.957,1000,52.9
2019-03-20,0.052719,0.053891,,52.719,1000,53.891
2019-03-19,0.050457,0.052594,,50.457,1000,52.594
2019-03-18,0.050311,0.050452,,50.311,1000,50.452
2019-03-17,0.0516,0.050207,,51.6,1000,50.207
2019-03-16,0.050112,0.051621,,50.112,1000,51.621
2019-03-15,0.047986,0.050077,,47.986,1000,50.077
2019-03-14,0.046575,0.048055,,46.575,1000,48.055
2019-03-13,0.047366,0.04659,,47.366,1000,46.59
2019-03-12,0.047665,0.047397,,47.665,1000,47.397
2019-03-11,0.045697,0.047633,,45.697,1000,47.633
2019-03-10,0.046754,0.045698,,46.754,1000,45.698
2019-03-09,0.042686,0.046728,,42.686,1000,46.728
2019-03-08,0.042952,0.042664,,42.952,1000,42.664
2019-03-07,0.04285,0.042944,,42.85,1000,42.944
2019-03-06,0.043185,0.042843,,43.185,1000,42.843
2019-03-05,0.040599,0.043212,,40.599,1000,43.212
2019-03-04,0.042303,0.040602,,42.303,1000,40.602
2019-03-03,0.042853,0.042312,,42.853,1000,42.312
2019-03-02,0.043217,0.042838,,43.217,1000,42.838
2019-03-01,0.043112,0.043279,,43.112,1000,43.279
2019-02-28,0.043245,0.043123,,43.245,1000,43.123
2019-02-27,0.043329,0.04327,,43.329,1000,43.27
2019-02-26,0.043965,0.043304,,43.965,1000,43.304
2019-02-25,0.042168,0.044043,,42.168,1000,44.043
2019-02-24,0.048727,0.042456,,48.727,1000,42.456
2019-02-23,0.045982,0.048593,,45.982,1000,48.593
2019-02-22,0.045041,0.046163,,45.041,1000,46.163
2019-02-21,0.047584,0.044969,,47.584,1000,44.969
2019-02-20,0.046177,0.047551,,46.177,1000,47.551
2019-02-19,0.045682,0.046158,,45.682,1000,46.158
2019-02-18,0.041468,0.045605,,41.468,1000,45.605
2019-02-17,0.041027,0.041452,,41.027,1000,41.452
2019-02-16,0.040619,0.041026,,40.619,1000,41.026
2019-02-15,0.040536,0.0406,,40.536,1000,40.6
2019-02-14,0.041136,0.04054,,41.136,1000,40.54
2019-02-13,0.041755,0.041118,,41.755,1000,41.118
2019-02-12,0.04168,0.041751,,41.68,1000,41.751
2019-02-11,0.042772,0.041733,,42.772,1000,41.733
2019-02-10,0.04105,0.04283,,41.05,1000,42.83
2019-02-09,0.040775,0.041058,,40.775,1000,41.058
2019-02-08,0.036399,0.040751,,36.399,1000,40.751
2019-02-07,0.036651,0.036396,,36.651,1000,36.396
2019-02-06,0.037993,0.036663,,37.993,1000,36.663
2019-02-05,0.037824,0.037896,,37.824,1000,37.896
2019-02-04,0.03813,0.037857,,38.13,1000,37.857
2019-02-03,0.039259,0.038029,,39.259,1000,38.029
2019-02-02,0.038598,0.039317,,38.598,1000,39.317
2019-02-01,0.038441,0.038678,,38.441,1000,38.678
2019-01-31,0.039699,0.038374,,39.699,1000,38.374
2019-01-30,0.038177,0.039656,,38.177,1000,39.656
2019-01-29,0.038713,0.038251,,38.713,1000,38.251
2019-01-28,0.041137,0.038772,,41.137,1000,38.772
2019-01-27,0.042666,0.041168,,42.666,1000,41.168
2019-01-26,0.042687,0.042649,,42.687,1000,42.649
2019-01-25,0.043097,0.042691,,43.097,1000,42.691
2019-01-24,0.042937,0.043027,,42.937,1000,43.027
2019-01-23,0.043548,0.0429,,43.548,1000,42.9
2019-01-22,0.042889,0.043578,,42.889,1000,43.578
2019-01-21,0.043541,0.042937,,43.541,1000,42.937
2019-01-20,0.045674,0.043477,,45.674,1000,43.477
2019-01-19,0.044275,0.04575,,44.275,1000,45.75
2019-01-18,0.045308,0.044316,,45.308,1000,44.316
2019-01-17,0.044868,0.045318,,44.868,1000,45.318
2019-01-16,0.042768,0.044777,,42.768,1000,44.777
2019-01-15,0.044157,0.04281,,44.157,1000,42.81
2019-01-14,0.040249,0.044059,,40.249,1000,44.059
2019-01-13,0.043812,0.040241,,43.812,1000,40.241
2019-01-12,0.044154,0.043704,,44.154,1000,43.704
2019-01-11,0.044322,0.044147,,44.322,1000,44.147
2019-01-10,0.052049,0.044529,,52.049,1000,44.529
2019-01-09,0.048567,0.052169,,48.567,1000,52.169
2019-01-08,0.04814,0.048525,,48.14,1000,48.525
2019-01-07,0.049266,0.047996,,49.266,1000,47.996
2019-01-06,0.044709,0.049261,,44.709,1000,49.261
2019-01-05,0.043659,0.044701,,43.659,1000,44.701
2019-01-04,0.042629,0.043812,,42.629,1000,43.812
2019-01-03,0.045106,0.042682,,45.106,1000,42.682
2019-01-02,0.042568,0.045258,,42.568,1000,45.258
2019-01-01,0.040984,0.042547,,40.984,1000,42.547
2018-12-31,0.043232,0.041063,,43.232,1000,41.063
2018-12-30,0.041597,0.04328,,41.597,1000,43.28
2018-12-29,0.041873,0.041508,,41.873,1000,41.508
2018-12-28,0.037017,0.041862,,37.017,1000,41.862
2018-12-27,0.041225,0.036944,,41.225,1000,36.944
2018-12-26,0.041603,0.041198,,41.603,1000,41.198
2018-12-25,0.045675,0.041511,,45.675,1000,41.511
2018-12-24,0.044286,0.045716,,44.286,1000,45.716
2018-12-23,0.042203,0.04423,,42.203,1000,44.23
2018-12-22,0.040658,0.042009,,40.658,1000,42.009
2018-12-21,0.039079,0.040796,,39.079,1000,40.796
2018-12-20,0.034212,0.039401,,34.212,1000,39.401
2018-12-19,0.034863,0.034545,,34.863,1000,34.545
2018-12-18,0.03282,0.034735,,32.82,1000,34.735
2018-12-17,0.029175,0.032824,,29.175,1000,32.824
2018-12-16,0.028203,0.029103,,28.203,1000,29.103
2018-12-15,0.028395,0.028274,,28.395,1000,28.274
2018-12-14,0.029235,0.028358,,29.235,1000,28.358
2018-12-13,0.030635,0.02919,,30.635,1000,29.19
2018-12-12,0.029439,0.030609,,29.439,1000,30.609
2018-12-11,0.030117,0.029551,,30.117,1000,29.551
2018-12-10,0.031653,0.030203,,31.653,1000,30.203
2018-12-09,0.030643,0.031693,,30.643,1000,31.693
2018-12-08,0.029812,0.030678,,29.812,1000,30.678
2018-12-07,0.030797,0.029864,,30.797,1000,29.864
2018-12-06,0.034318,0.030798,,34.318,1000,30.798
2018-12-05,0.037659,0.034251,,37.659,1000,34.251
2018-12-04,0.038557,0.037699,,38.557,1000,37.699
2018-12-03,0.041874,0.038671,,41.874,1000,38.671
2018-12-02,0.04135,0.041672,,41.35,1000,41.672
2018-12-01,0.038991,0.041468,,38.991,1000,41.468
2018-11-30,0.041984,0.038916,,41.984,1000,38.916
2018-11-29,0.042269,0.041866,,42.269,1000,41.866
2018-11-28,0.03651,0.042021,,36.51,1000,42.021
2018-11-27,0.035682,0.036461,,35.682,1000,36.461
2018-11-26,0.037761,0.035806,,37.761,1000,35.806
2018-11-25,0.038628,0.037725,,38.628,1000,37.725
2018-11-24,0.04342,0.038458,,43.42,1000,38.458
2018-11-23,0.044062,0.043412,,44.062,1000,43.412
2018-11-22,0.047885,0.044255,,47.885,1000,44.255
2018-11-21,0.045149,0.04778,,45.149,1000,47.78
2018-11-20,0.052658,0.044777,,52.658,1000,44.777
2018-11-19,0.061903,0.052582,,61.903,1000,52.582
2018-11-18,0.060803,0.061916,,60.803,1000,61.916
2018-11-17,0.061062,0.060674,,61.062,1000,60.674
2018-11-16,0.063242,0.061151,,63.242,1000,61.151
2018-11-15,0.064847,0.063543,,64.847,1000,63.543
2018-11-14,0.073439,0.064824,,73.439,1000,64.824
2018-11-13,0.075883,0.073603,,75.883,1000,73.603
2018-11-12,0.076818,0.076001,,76.818,1000,76.001
2018-11-11,0.075164,0.076481,,75.164,1000,76.481
2018-11-10,0.074167,0.075221,,74.167,1000,75.221
2018-11-09,0.076324,0.074225,,76.324,1000,74.225
2018-11-08,0.078391,0.076493,,78.391,1000,76.493
2018-11-07,0.08102,0.078544,,81.02,1000,78.544
2018-11-06,0.076337,0.080952,,76.337,1000,80.952
2018-11-05,0.075961,0.076148,,75.961,1000,76.148
2018-11-04,0.071492,0.076229,,71.492,1000,76.229
2018-11-03,0.072561,0.071479,,72.561,1000,71.479
2018-11-02,0.070814,0.072584,,70.814,1000,72.584
2018-11-01,0.069698,0.070867,,69.698,1000,70.867
2018-10-31,0.069723,0.069705,,69.723,1000,69.705
2018-10-30,0.069632,0.069647,,69.632,1000,69.647
2018-10-29,0.073042,0.069627,,73.042,1000,69.627
2018-10-28,0.07303,0.073166,,73.03,1000,73.166
2018-10-27,0.073687,0.072886,,73.687,1000,72.886
2018-10-26,0.073748,0.073713,,73.748,1000,73.713
2018-10-25,0.074289,0.073859,,74.289,1000,73.859
2018-10-24,0.074612,0.074321,,74.612,1000,74.321
2018-10-23,0.075864,0.074743,,75.864,1000,74.743
2018-10-22,0.075754,0.075776,,75.754,1000,75.776
2018-10-21,0.076305,0.075873,,76.305,1000,75.873
2018-10-20,0.075788,0.076342,,75.788,1000,76.342
2018-10-19,0.075022,0.075836,,75.022,1000,75.836
2018-10-18,0.077536,0.075131,,77.536,1000,75.131
2018-10-17,0.07586,0.077408,,75.86,1000,77.408
2018-10-16,0.074788,0.075814,,74.788,1000,75.814
2018-10-15,0.070436,0.074789,,70.436,1000,74.789
2018-10-14,0.073063,0.071293,,73.063,1000,71.293
2018-10-13,0.072637,0.073103,,72.637,1000,73.103
2018-10-12,0.070339,0.073214,,70.339,1000,73.214
2018-10-11,0.084525,0.070939,,84.525,1000,70.939
2018-10-10,0.086345,0.084679,,86.345,1000,84.679
2018-10-09,0.086773,0.086357,,86.773,1000,86.357
2018-10-08,0.084531,0.086607,,84.531,1000,86.607
2018-10-07,0.081454,0.084658,,81.454,1000,84.658
2018-10-06,0.083309,0.081303,,83.309,1000,81.303
2018-10-05,0.081381,0.082991,,81.381,1000,82.991
2018-10-04,0.080818,0.081304,,80.818,1000,81.304
2018-10-03,0.082032,0.080789,,82.032,1000,80.789
2018-10-02,0.084604,0.082525,,84.604,1000,82.525
2018-10-01,0.085292,0.084469,,85.292,1000,84.469
2018-09-30,0.084368,0.085195,,84.368,1000,85.195
2018-09-29,0.083712,0.084606,,83.712,1000,84.606
2018-09-28,0.086403,0.084031,,86.403,1000,84.031
2018-09-27,0.079466,0.086001,,79.466,1000,86.001
2018-09-26,0.080992,0.079476,,80.992,1000,79.476
2018-09-25,0.082303,0.081028,,82.303,1000,81.028
2018-09-24,0.089705,0.082754,,89.705,1000,82.754
2018-09-23,0.083488,0.089753,,83.488,1000,89.753
2018-09-22,0.08766,0.083193,,87.66,1000,83.193
2018-09-21,0.081778,0.087606,,81.778,1000,87.606
2018-09-20,0.072439,0.081493,,72.439,1000,81.493
2018-09-19,0.069145,0.07235,,69.145,1000,72.35
2018-09-18,0.063568,0.06943,,63.568,1000,69.43
2018-09-17,0.069854,0.063899,,69.854,1000,63.899
2018-09-16,0.069153,0.069962,,69.153,1000,69.962
2018-09-15,0.067928,0.069322,,67.928,1000,69.322
2018-09-14,0.070094,0.068248,,70.094,1000,68.248
2018-09-13,0.067053,0.069829,,67.053,1000,69.829
2018-09-12,0.070794,0.066745,,70.794,1000,66.745
2018-09-11,0.07418,0.070513,,74.18,1000,70.513
2018-09-10,0.077277,0.073508,,77.277,1000,73.508
2018-09-09,0.078443,0.076643,,78.443,1000,76.643
2018-09-08,0.08412,0.078235,,84.12,1000,78.235
2018-09-07,0.088521,0.083983,,88.521,1000,83.983
2018-09-06,0.087525,0.088666,,87.525,1000,88.666
2018-09-05,0.105267,0.087569,,105.267,1000,87.569
2018-09-04,0.103484,0.105265,,103.484,1000,105.265
2018-09-03,0.10465,0.103607,,104.65,1000,103.607
2018-09-02,0.106903,0.104432,,106.903,1000,104.432
2018-09-01,0.101877,0.106827,,101.877,1000,106.827
2018-08-31,0.100902,0.102196,,100.902,1000,102.196
2018-08-30,0.105205,0.10056,,105.205,1000,100.56
2018-08-29,0.105611,0.105469,,105.611,1000,105.469
2018-08-28,0.100565,0.10548,,100.565,1000,105.48
2018-08-27,0.093178,0.100264,,93.178,1000,100.264
2018-08-26,0.094262,0.093338,,94.262,1000,93.338
2018-08-25,0.094305,0.094282,,94.305,1000,94.282
2018-08-24,0.092846,0.094077,,92.846,1000,94.077
2018-08-23,0.090205,0.092453,,90.205,1000,92.453
2018-08-22,0.095016,0.090149,,95.016,1000,90.149
2018-08-21,0.093161,0.095003,,93.161,1000,95.003
2018-08-20,0.102243,0.093764,,102.243,1000,93.764
2018-08-19,0.099744,0.102437,,99.744,1000,102.437
2018-08-18,0.109847,0.099784,,109.847,1000,99.784
2018-08-17,0.095682,0.109887,,95.682,1000,109.887
2018-08-16,0.095035,0.095331,,95.035,1000,95.331
2018-08-15,0.095489,0.09504,,95.489,1000,95.04
2018-08-14,0.102779,0.094662,,102.779,1000,94.662
2018-08-13,0.113183,0.10291,,113.183,1000,102.91
2018-08-12,0.112497,0.11297,,112.497,1000,112.97
2018-08-11,0.116444,0.112439,,116.444,1000,112.439
2018-08-10,0.124091,0.116355,,124.091,1000,116.355
2018-08-09,0.114507,0.123507,,114.507,1000,123.507
2018-08-08,0.125594,0.113752,,125.594,1000,113.752
2018-08-07,0.130923,0.125378,,130.923,1000,125.378
2018-08-06,0.130919,0.130553,,130.919,1000,130.553
2018-08-05,0.127292,0.131721,,127.292,1000,131.721
2018-08-04,0.130771,0.127547,,130.771,1000,127.547
2018-08-03,0.131416,0.130255,,131.416,1000,130.255
2018-08-02,0.141316,0.131941,,141.316,1000,131.941
2018-08-01,0.143086,0.140901,,143.086,1000,140.901
2018-07-31,0.154067,0.143297,,154.067,1000,143.297
2018-07-30,0.163234,0.154087,,163.234,1000,154.087
2018-07-29,0.164163,0.163313,,164.163,1000,163.313
2018-07-28,0.166228,0.16338,,166.228,1000,163.38
2018-07-27,0.16445,0.16554,,164.45,1000,165.54
2018-07-26,0.172416,0.164765,,172.416,1000,164.765
2018-07-25,0.17236,0.172731,,172.36,1000,172.731
2018-07-24,0.164736,0.173172,,164.736,1000,173.172
2018-07-23,0.169526,0.164028,,169.526,1000,164.028
2018-07-22,0.163874,0.170277,,163.874,1000,170.277
2018-07-21,0.161994,0.163637,,161.994,1000,163.637
2018-07-20,0.179893,0.162175,,179.893,1000,162.175
2018-07-19,0.178986,0.180869,,178.986,1000,180.869
2018-07-18,0.170299,0.179378,,170.299,1000,179.378
2018-07-17,0.154915,0.170865,,154.915,1000,170.865
2018-07-16,0.142277,0.156118,,142.277,1000,156.118
2018-07-15,0.137029,0.142262,,137.029,1000,142.262
2018-07-14,0.138365,0.137092,,138.365,1000,137.092
2018-07-13,0.127299,0.137887,,127.299,1000,137.887
2018-07-12,0.13156,0.127181,,131.56,1000,127.181
2018-07-11,0.128801,0.131483,,128.801,1000,131.483
2018-07-10,0.139729,0.128792,,139.729,1000,128.792
2018-07-09,0.145345,0.139971,,145.345,1000,139.971
2018-07-08,0.149953,0.145389,,149.953,1000,145.389
2018-07-07,0.146257,0.150373,,146.257,1000,150.373
2018-07-06,0.148749,0.146084,,148.749,1000,146.084
2018-07-05,0.151597,0.148921,,151.597,1000,148.921
2018-07-04,0.1502,0.15096,,150.2,1000,150.96
2018-07-03,0.158522,0.150655,,158.522,1000,150.655
2018-07-02,0.142591,0.158278,,142.591,1000,158.278
2018-07-01,0.138264,0.142208,,138.264,1000,142.208
2018-06-30,0.126036,0.137671,,126.036,1000,137.671
2018-06-29,0.119397,0.12572,,119.397,1000,125.72
2018-06-28,0.127393,0.11932,,127.393,1000,119.32
2018-06-27,0.126551,0.127444,,126.551,1000,127.444
2018-06-26,0.135623,0.126099,,135.623,1000,126.099
2018-06-25,0.132321,0.135269,,132.321,1000,135.269
2018-06-24,0.138355,0.132703,,138.355,1000,132.703
2018-06-23,0.140334,0.137868,,140.334,1000,137.868
2018-06-22,0.15846,0.139839,,158.46,1000,139.839
2018-06-21,0.162051,0.158556,,162.051,1000,158.556
2018-06-20,0.166781,0.161985,,166.781,1000,161.985
2018-06-19,0.164702,0.167185,,164.702,1000,167.185
2018-06-18,0.161122,0.164117,,161.122,1000,164.117
2018-06-17,0.163137,0.16138,,163.137,1000,161.38
2018-06-16,0.162741,0.162962,,162.741,1000,162.962
2018-06-15,0.172218,0.162747,,172.218,1000,162.747
2018-06-14,0.16025,0.172375,,160.25,1000,172.375
2018-06-13,0.166136,0.160408,,166.136,1000,160.408
2018-06-12,0.181348,0.166585,,181.348,1000,166.585
2018-06-11,0.176262,0.18128,,176.262,1000,181.28
2018-06-10,0.201517,0.176868,,201.517,1000,176.868
2018-06-09,0.20526,0.202091,,205.26,1000,202.091
2018-06-08,0.210831,0.205358,,210.831,1000,205.358
2018-06-07,0.216105,0.211119,,216.105,1000,211.119
2018-06-06,0.220565,0.215721,,220.565,1000,215.721
2018-06-05,0.214247,0.220467,,214.247,1000,220.467
2018-06-04,0.228155,0.214012,,228.155,1000,214.012
2018-06-03,0.2277,0.228154,,227.7,1000,228.154
2018-06-02,0.222701,0.227742,,222.701,1000,227.742
2018-06-01,0.224533,0.222507,,224.533,1000,222.507
2018-05-31,0.210393,0.225214,,210.393,1000,225.214
2018-05-30,0.203685,0.211143,,203.685,1000,211.143
2018-05-29,0.175475,0.20319,,175.475,1000,203.19
2018-05-28,0.193696,0.174783,,193.696,1000,174.783
2018-05-27,0.196354,0.193557,,196.354,1000,193.557
2018-05-26,0.199761,0.196567,,199.761,1000,196.567
2018-05-25,0.20906,0.200655,,209.06,1000,200.655
2018-05-24,0.203324,0.208989,,203.324,1000,208.989
2018-05-23,0.224393,0.202873,,224.393,1000,202.873
2018-05-22,0.249397,0.224408,,249.397,1000,224.408
2018-05-21,0.25613,0.24884,,256.13,1000,248.84
2018-05-20,0.243143,0.256136,,243.143,1000,256.136
2018-05-19,0.246199,0.243271,,246.199,1000,243.271
2018-05-18,0.242816,0.245544,,242.816,1000,245.544
2018-05-17,0.257352,0.243664,,257.352,1000,243.664
2018-05-16,0.259082,0.256375,,259.082,1000,256.375
2018-05-15,0.274269,0.260155,,274.269,1000,260.155
2018-05-14,0.285852,0.273434,,285.852,1000,273.434
2018-05-13,0.27164,0.28589,,271.64,1000,285.89
2018-05-12,0.262649,0.270932,,262.649,1000,270.932
2018-05-11,0.296797,0.260127,,296.797,1000,260.127
2018-05-10,0.323879,0.297089,,323.879,1000,297.089
2018-05-09,0.328426,0.323593,,328.426,1000,323.593
2018-05-08,0.335595,0.328352,,335.595,1000,328.352
2018-05-07,0.349948,0.335176,,349.948,1000,335.176
2018-05-06,0.365933,0.350021,,365.933,1000,350.021
2018-05-05,0.361318,0.366338,,361.318,1000,366.338
2018-05-04,0.370777,0.360182,,370.777,1000,360.182
2018-05-03,0.371926,0.369709,,371.926,1000,369.709
2018-05-02,0.357602,0.37242,,357.602,1000,372.42
2018-05-01,0.342953,0.358693,,342.953,1000,358.693
2018-04-30,0.364297,0.343318,,364.297,1000,343.318
2018-04-29,0.36067,0.365057,,360.67,1000,365.057
2018-04-28,0.28713,0.357874,,287.13,1000,357.874
2018-04-27,0.294589,0.288489,,294.589,1000,288.489
2018-04-26,0.270795,0.294295,,270.795,1000,294.295
2018-04-25,0.312805,0.271654,,312.805,1000,271.654
2018-04-24,0.288539,0.312875,,288.539,1000,312.875
2018-04-23,0.285558,0.288473,,285.558,1000,288.473
2018-04-22,0.287488,0.285535,,287.488,1000,285.535
2018-04-21,0.302292,0.29058,,302.292,1000,290.58
2018-04-20,0.270986,0.301247,,270.986,1000,301.247
2018-04-19,0.267493,0.272358,,267.493,1000,272.358
2018-04-18,0.242734,0.260341,,242.734,1000,260.341
2018-04-17,0.25509,0.243724,,255.09,1000,243.724
2018-04-16,0.221889,0.256646,,221.889,1000,256.646
2018-04-15,0.201389,0.22139,,201.389,1000,221.39
2018-04-14,0.198675,0.200853,,198.675,1000,200.853
2018-04-13,0.211632,0.200532,,211.632,1000,200.532
2018-04-12,0.166757,0.212233,,166.757,1000,212.233
2018-04-11,0.156761,0.166029,,156.761,1000,166.029
2018-04-10,0.15324,0.156347,,153.24,1000,156.347
2018-04-09,0.157094,0.153106,,157.094,1000,153.106
2018-04-08,0.148825,0.156599,,148.825,1000,156.599
2018-04-07,0.144885,0.148794,,144.885,1000,148.794
2018-04-06,0.148394,0.144451,,148.394,1000,144.451
2018-04-05,0.155592,0.148758,,155.592,1000,148.758
2018-04-04,0.171158,0.155356,,171.158,1000,155.356
2018-04-03,0.157864,0.172447,,157.864,1000,172.447
2018-04-02,0.151691,0.156385,,151.691,1000,156.385
2018-04-01,0.156597,0.150768,,156.597,1000,150.768
2018-03-31,0.147115,0.155919,,147.115,1000,155.919
2018-03-30,0.146654,0.147209,,146.654,1000,147.209
2018-03-29,0.160143,0.146882,,160.143,1000,146.882
2018-03-28,0.155196,0.160058,,155.196,1000,160.058
2018-03-27,0.168215,0.154926,,168.215,1000,154.926
2018-03-26,0.18396,0.167806,,183.96,1000,167.806
2018-03-25,0.188396,0.184605,,188.396,1000,184.605
2018-03-24,0.188844,0.189201,,188.844,1000,189.201
2018-03-23,0.202298,0.189259,,202.298,1000,189.259
2018-03-22,0.215403,0.203481,,215.403,1000,203.481
2018-03-21,0.205315,0.213189,,205.315,1000,213.189
2018-03-20,0.193447,0.204947,,193.447,1000,204.947
2018-03-19,0.160749,0.197648,,160.749,1000,197.648
2018-03-18,0.153931,0.156155,,153.931,1000,156.155
2018-03-17,0.17877,0.154763,,178.77,1000,154.763
2018-03-16,0.186788,0.178878,,186.788,1000,178.878
2018-03-15,0.198755,0.185709,,198.755,1000,185.709
2018-03-14,0.22343,0.199562,,223.43,1000,199.562
2018-03-13,0.22311,0.223026,,223.11,1000,223.026
2018-03-12,0.224104,0.223722,,224.104,1000,223.722
2018-03-11,0.209721,0.223498,,209.721,1000,223.498
2018-03-10,0.225216,0.209873,,225.216,1000,209.873
2018-03-09,0.221286,0.222207,,221.286,1000,222.207
2018-03-08,0.24816,0.221743,,248.16,1000,221.743
2018-03-07,0.284674,0.247281,,284.674,1000,247.281
2018-03-06,0.295947,0.285357,,295.947,1000,285.357
2018-03-05,0.299897,0.297622,,299.897,1000,297.622
2018-03-04,0.296285,0.300787,,296.285,1000,300.787
2018-03-03,0.292952,0.297106,,292.952,1000,297.106
2018-03-02,0.304424,0.293504,,304.424,1000,293.504
2018-03-01,0.311973,0.304397,,311.973,1000,304.397
2018-02-28,0.334486,0.312581,,334.486,1000,312.581
2018-02-27,0.339132,0.335536,,339.132,1000,335.536
2018-02-26,0.345272,0.338335,,345.272,1000,338.335
2018-02-25,0.322152,0.344033,,322.152,1000,344.033
2018-02-24,0.343668,0.322966,,343.668,1000,322.966
2018-02-23,0.334758,0.345258,,334.758,1000,345.258
2018-02-22,0.362651,0.337871,,362.651,1000,337.871
2018-02-21,0.375593,0.364441,,375.593,1000,364.441
2018-02-20,0.390942,0.378779,,390.942,1000,378.779
2018-02-19,0.38693,0.391472,,386.93,1000,391.472
2018-02-18,0.418355,0.385618,,418.355,1000,385.618
2018-02-17,0.402403,0.419883,,402.403,1000,419.883
2018-02-16,0.410142,0.40381,,410.142,1000,403.81
2018-02-15,0.394671,0.409368,,394.671,1000,409.368
2018-02-14,0.373766,0.396908,,373.766,1000,396.908
2018-02-13,0.383436,0.373314,,383.436,1000,373.314
2018-02-12,0.372595,0.384315,,372.595,1000,384.315
2018-02-11,0.405104,0.369769,,405.104,1000,369.769
2018-02-10,0.386671,0.405872,,386.671,1000,405.872
2018-02-09,0.352848,0.391602,,352.848,1000,391.602
2018-02-08,0.344464,0.356584,,344.464,1000,356.584
2018-02-07,0.367267,0.340447,,367.267,1000,340.447
2018-02-06,0.331209,0.369753,,331.209,1000,369.753
2018-02-05,0.385044,0.327371,,385.044,1000,327.371
2018-02-04,0.433865,0.379303,,433.865,1000,379.303
2018-02-03,0.400965,0.438836,,400.965,1000,438.836
2018-02-02,0.41946,0.390534,,419.46,1000,390.534
2018-02-01,0.515912,0.421672,,515.912,1000,421.672
2018-01-31,0.527598,0.519315,,527.598,1000,519.315
2018-01-30,0.624799,0.531913,,624.799,1000,531.913
2018-01-29,0.669373,0.623204,,669.373,1000,623.204
2018-01-28,0.62056,0.670286,,620.56,1000,670.286
2018-01-27,0.623477,0.616833,,623.477,1000,616.833
2018-01-26,0.633903,0.623382,,633.903,1000,623.382
2018-01-25,0.629337,0.637495,,629.337,1000,637.495
2018-01-24,0.563369,0.622208,,563.369,1000,622.208
2018-01-23,0.566537,0.56307,,566.537,1000,563.07
2018-01-22,0.614983,0.570458,,614.983,1000,570.458
2018-01-21,0.706391,0.613163,,706.391,1000,613.163
2018-01-20,0.656564,0.70751,,656.564,1000,707.51
2018-01-19,0.649544,0.650498,,649.544,1000,650.498
2018-01-18,0.631295,0.659843,,631.295,1000,659.843
2018-01-17,0.624123,0.629102,,624.123,1000,629.102
2018-01-16,0.780621,0.626493,,780.621,1000,626.493
2018-01-15,0.795761,0.778587,,795.761,1000,778.587
2018-01-14,0.881961,0.802262,,881.961,1000,802.262
2018-01-13,0.91741,0.884124,,917.41,1000,884.124
2018-01-12,0.695769,0.897508,,695.769,1000,897.508
2018-01-11,0.791522,0.688412,,791.522,1000,688.412
2018-01-10,0.815872,0.793121,,815.872,1000,793.121
2018-01-09,0.898185,0.814743,,898.185,1000,814.743
2018-01-08,0.999329,0.899002,,999.329,1000,899.002
2018-01-07,1.02,1.01,,1020,1000,1010
2018-01-06,0.997,1.03,,997,1000,1030
2018-01-05,1.17,0.999559,,1170,1000,999.559
2018-01-04,1.09,1.11,,1090,1000,1110
2018-01-03,0.779681,1.08,,779.681,1000,1080
2018-01-02,0.724676,0.782587,,724.676,1000,782.587
2018-01-01,0.718847,0.728657,,718.847,1000,728.657
2017-12-31,0.642581,0.719695,,642.581,1000,719.695
2017-12-30,0.528316,0.639243,,528.316,1000,639.243
2017-12-29,0.410457,0.529299,,410.457,1000,529.299
2017-12-28,0.41202,0.407701,,412.02,1000,407.701
2017-12-27,0.427107,0.414176,,427.107,1000,414.176
2017-12-26,0.413573,0.428465,,413.573,1000,428.465
2017-12-25,0.39233,0.416363,,392.33,1000,416.363
2017-12-24,0.416661,0.390029,,416.661,1000,390.029
2017-12-23,0.41442,0.414027,,414.42,1000,414.027
2017-12-22,0.478974,0.40715,,478.974,1000,407.15
2017-12-21,0.490049,0.477851,,490.049,1000,477.851
2017-12-20,0.533705,0.486151,,533.705,1000,486.151
2017-12-19,0.520268,0.531273,,520.268,1000,531.273
2017-12-18,0.511939,0.518198,,511.939,1000,518.198
2017-12-17,0.386775,0.513011,,386.775,1000,513.011
2017-12-16,0.212875,0.404665,,212.875,1000,404.665
2017-12-15,0.233209,0.213467,,233.209,1000,213.467
2017-12-14,0.133667,0.240753,,133.667,1000,240.753
2017-12-13,0.133739,0.134281,,133.739,1000,134.281
2017-12-12,0.121177,0.133891,,121.177,1000,133.891
2017-12-11,0.108927,0.121383,,108.927,1000,121.383
2017-12-10,0.119794,0.110281,,119.794,1000,110.281
2017-12-09,0.114745,0.119609,,114.745,1000,119.609
2017-12-08,0.106142,0.115465,,106.142,1000,115.465
2017-12-07,0.117766,0.105501,,117.766,1000,105.501
2017-12-06,0.126748,0.117839,,126.748,1000,117.839
2017-12-05,0.135625,0.127488,,135.625,1000,127.488
2017-12-04,0.131546,0.13587,,131.546,1000,135.87
2017-12-03,0.132351,0.131807,,132.351,1000,131.807
2017-12-02,0.131633,0.132351,,131.633,1000,132.351
2017-12-01,0.116622,0.131352,,116.622,1000,131.352
2017-11-30,0.09493,0.119883,,94.93,1000,119.883
2017-11-29,0.118235,0.089718,,118.235,1000,89.718
2017-11-28,0.050627,0.119744,,50.627,1000,119.744
2017-11-27,0.036619,0.050593,,36.619,1000,50.593
2017-11-26,0.030437,0.036332,,30.437,1000,36.332
2017-11-25,0.028324,0.030447,,28.324,1000,30.447
2017-11-24,0.027406,0.028382,,27.406,1000,28.382
2017-11-23,0.02854,0.027444,,28.54,1000,27.444
2017-11-22,0.028399,0.028549,,28.399,1000,28.549
2017-11-21,0.029587,0.02833,,29.587,1000,28.33
2017-11-20,0.028152,0.029581,,28.152,1000,29.581
2017-11-19,0.026243,0.028084,,26.243,1000,28.084
2017-11-18,0.025597,0.026369,,25.597,1000,26.369
2017-11-17,0.027143,0.025773,,27.143,1000,25.773
2017-11-16,0.026583,0.02758,,26.583,1000,27.58
2017-11-15,0.026116,0.026445,,26.116,1000,26.445
2017-11-14,0.025797,0.02623,,25.797,1000,26.23
2017-11-13,0.024364,0.025808,,24.364,1000,25.808
2017-11-12,0.02748,0.023977,,27.48,1000,23.977
2017-11-11,0.026891,0.027437,,26.891,1000,27.437
2017-11-10,0.032219,0.027119,,32.219,1000,27.119
2017-11-09,0.02516,0.032053,,25.16,1000,32.053
2017-11-08,0.021912,0.025186,,21.912,1000,25.186
2017-11-07,0.021846,0.022195,,21.846,1000,22.195
2017-11-06,0.020977,0.021881,,20.977,1000,21.881
2017-11-05,0.022054,0.020635,,22.054,1000,20.635
2017-11-04,0.022641,0.022022,,22.641,1000,22.022
2017-11-03,0.021418,0.022628,,21.418,1000,22.628
2017-11-02,0.023079,0.021306,,23.079,1000,21.306
2017-11-01,0.029127,0.022986,,29.127,1000,22.986
2017-10-31,0.028547,0.030437,,28.547,1000,30.437
2017-10-30,0.028318,0.028583,,28.318,1000,28.583
2017-10-29,0.025831,0.028607,,25.831,1000,28.607
2017-10-28,0.026339,0.025866,,26.339,1000,25.866
2017-10-27,0.027138,0.026382,,27.138,1000,26.382
2017-10-26,0.027409,0.027132,,27.409,1000,27.132
2017-10-25,0.027038,0.027527,,27.038,1000,27.527
2017-10-24,0.025339,0.027193,,25.339,1000,27.193
2017-10-23,0.027684,0.025454,,27.684,1000,25.454
2017-10-22,0.028565,0.027729,,28.565,1000,27.729
2017-10-21,0.030806,0.028436,,30.806,1000,28.436
2017-10-20,0.026982,0.03063,,26.982,1000,30.63
2017-10-19,0.026704,0.027032,,26.704,1000,27.032
2017-10-18,0.027219,0.026691,,27.219,1000,26.691
2017-10-17,0.028953,0.027217,,28.953,1000,27.217
2017-10-16,0.029939,0.028948,,29.939,1000,28.948
2017-10-15,0.032874,0.030049,,32.874,1000,30.049
2017-10-14,0.033876,0.032465,,33.876,1000,32.465
2017-10-13,0.026061,0.033641,,26.061,1000,33.641
2017-10-12,0.022538,0.026252,,22.538,1000,26.252
2017-10-11,0.02148,0.02252,,21.48,1000,22.52
2017-10-10,0.022112,0.021531,,22.112,1000,21.531
2017-10-09,0.020344,0.022114,,20.344,1000,22.114
2017-10-08,0.020929,0.020477,,20.929,1000,20.477
2017-10-07,0.018414,0.020941,,18.414,1000,20.941
2017-10-06,0.021359,0.018539,,21.359,1000,18.539
2017-10-05,0.021951,0.021489,,21.951,1000,21.489
2017-10-04,0.020864,0.021931,,20.864,1000,21.931
2017-10-03,0.025757,0.020816,,25.757,1000,20.816
2017-10-02,24.607,25.932,,24607,1000,25.932
2017-10-01,21.678,24.969,,21678,1000,24.969
