date,Adj open,Adj close,,,open,close
2019-04-24,0.111793,0.103259,,1000,111.793,103.259
2019-04-23,0.1135,0.111824,,1000,113.5,111.824
2019-04-22,0.112438,0.113495,,1000,112.438,113.495
2019-04-21,0.115479,0.112404,,1000,115.479,112.404
2019-04-20,0.115827,0.115532,,1000,115.827,115.532
2019-04-19,0.117277,0.115737,,1000,117.277,115.737
2019-04-18,0.116655,0.117363,,1000,116.655,117.363
2019-04-17,0.117512,0.116636,,1000,117.512,116.636
2019-04-16,0.11364,0.117505,,1000,113.64,117.505
2019-04-15,0.116647,0.113629,,1000,116.647,113.629
2019-04-14,0.115918,0.116663,,1000,115.918,116.663
2019-04-13,0.114586,0.115898,,1000,114.586,115.898
2019-04-12,0.116747,0.114609,,1000,116.747,114.609
2019-04-11,0.125485,0.116685,,1000,125.485,116.685
2019-04-10,0.125362,0.125462,,1000,125.362,125.462
2019-04-09,0.132015,0.125384,,1000,132.015,125.384
2019-04-08,0.130495,0.131996,,1000,130.495,131.996
2019-04-07,0.124707,0.130303,,1000,124.707,130.303
2019-04-06,0.126378,0.124729,,1000,126.378,124.729
2019-04-05,0.11879,0.126367,,1000,118.79,126.367
2019-04-04,0.121314,0.118788,,1000,121.314,118.788
2019-04-03,0.121859,0.121339,,1000,121.859,121.339
2019-04-02,0.109628,0.121901,,1000,109.628,121.901
2019-04-01,0.107642,0.109615,,1000,107.642,109.615
2019-03-31,0.107423,0.107651,,1000,107.423,107.651
2019-03-30,0.107578,0.107359,,1000,107.578,107.359
2019-03-29,0.107416,0.107572,,1000,107.416,107.572
2019-03-28,0.108017,0.10744,,1000,108.017,107.44
2019-03-27,0.103381,0.108062,,1000,103.381,108.062
2019-03-26,0.102485,0.103379,,1000,102.485,103.379
2019-03-25,0.106107,0.102469,,1000,106.107,102.469
2019-03-24,0.107944,0.106012,,1000,107.944,106.012
2019-03-23,0.10852,0.108281,,1000,108.52,108.281
2019-03-22,0.107948,0.108693,,1000,107.948,108.693
2019-03-21,0.111505,0.107947,,1000,111.505,107.947
2019-03-20,0.113586,0.111403,,1000,113.586,111.403
2019-03-19,0.116198,0.113248,,1000,116.198,113.248
2019-03-18,0.109486,0.115914,,1000,109.486,115.914
2019-03-17,0.109584,0.109385,,1000,109.584,109.385
2019-03-16,0.107836,0.109619,,1000,107.836,109.619
2019-03-15,0.10721,0.107773,,1000,107.21,107.773
2019-03-14,0.108103,0.107272,,1000,108.103,107.272
2019-03-13,0.104512,0.108199,,1000,104.512,108.199
2019-03-12,0.102322,0.104598,,1000,102.322,104.598
2019-03-11,0.099865,0.102263,,1000,99.865,102.263
2019-03-10,0.090055,0.100039,,1000,90.055,100.039
2019-03-09,0.087038,0.089744,,1000,87.038,89.744
2019-03-08,0.085608,0.087246,,1000,85.608,87.246
2019-03-07,0.085534,0.085541,,1000,85.534,85.541
2019-03-06,0.086338,0.085566,,1000,86.338,85.566
2019-03-05,0.083504,0.086299,,1000,83.504,86.299
2019-03-04,0.086924,0.083539,,1000,86.924,83.539
2019-03-03,0.084303,0.087235,,1000,84.303,87.235
2019-03-02,0.085858,0.08446,,1000,85.858,84.46
2019-03-01,0.085505,0.085833,,1000,85.505,85.833
2019-02-28,0.086014,0.085503,,1000,86.014,85.503
2019-02-27,0.086928,0.086195,,1000,86.928,86.195
2019-02-26,0.08717,0.0868,,1000,87.17,86.8
2019-02-25,0.083897,0.087305,,1000,83.897,87.305
2019-02-24,0.094386,0.084234,,1000,94.386,84.234
2019-02-23,0.090721,0.094257,,1000,90.721,94.257
2019-02-22,0.088947,0.090668,,1000,88.947,90.668
2019-02-21,0.09179,0.089091,,1000,91.79,89.091
2019-02-20,0.090029,0.091735,,1000,90.029,91.735
2019-02-19,0.083816,0.089982,,1000,83.816,89.982
2019-02-18,0.079603,0.083691,,1000,79.603,83.691
2019-02-17,0.07841,0.079608,,1000,78.41,79.608
2019-02-16,0.079207,0.078421,,1000,79.207,78.421
2019-02-15,0.076665,0.079276,,1000,76.665,79.276
2019-02-14,0.076976,0.076635,,1000,76.976,76.635
2019-02-13,0.077661,0.07699,,1000,77.661,76.99
2019-02-12,0.077572,0.077616,,1000,77.572,77.616
2019-02-11,0.080657,0.077595,,1000,80.657,77.595
2019-02-10,0.080894,0.080393,,1000,80.894,80.393
2019-02-09,0.081242,0.080808,,1000,81.242,80.808
2019-02-08,0.074717,0.081224,,1000,74.717,81.224
2019-02-07,0.074494,0.074688,,1000,74.494,74.688
2019-02-06,0.078064,0.074387,,1000,78.064,74.387
2019-02-05,0.079581,0.077882,,1000,79.581,77.882
2019-02-04,0.081296,0.07973,,1000,81.296,79.73
2019-02-03,0.083083,0.081347,,1000,83.083,81.347
2019-02-02,0.083289,0.08309,,1000,83.289,83.09
2019-02-01,0.082803,0.08358,,1000,82.803,83.58
2019-01-31,0.085655,0.082631,,1000,85.655,82.631
2019-01-30,0.083717,0.085634,,1000,83.717,85.634
2019-01-29,0.088323,0.083923,,1000,88.323,83.923
2019-01-28,0.096387,0.087904,,1000,96.387,87.904
2019-01-27,0.099888,0.096316,,1000,99.888,96.316
2019-01-26,0.101689,0.100014,,1000,101.689,100.014
2019-01-25,0.101969,0.101741,,1000,101.969,101.741
2019-01-24,0.10237,0.10221,,1000,102.37,102.21
2019-01-23,0.104134,0.102576,,1000,104.134,102.576
2019-01-22,0.10365,0.104103,,1000,103.65,104.103
2019-01-21,0.104683,0.10338,,1000,104.683,103.38
2019-01-20,0.108195,0.104702,,1000,108.195,104.702
2019-01-19,0.106863,0.108304,,1000,106.863,108.304
2019-01-18,0.108312,0.106821,,1000,108.312,106.821
2019-01-17,0.106708,0.108461,,1000,106.708,108.461
2019-01-16,0.105837,0.106891,,1000,105.837,106.891
2019-01-15,0.109422,0.105685,,1000,109.422,105.685
2019-01-14,0.103649,0.109649,,1000,103.649,109.649
2019-01-13,0.106758,0.103609,,1000,106.758,103.609
2019-01-12,0.107269,0.106764,,1000,107.269,106.764
2019-01-11,0.108776,0.107332,,1000,108.776,107.332
2019-01-10,0.12383,0.109879,,1000,123.83,109.879
2019-01-09,0.123213,0.123774,,1000,123.213,123.774
2019-01-08,0.12326,0.123119,,1000,123.26,123.119
2019-01-07,0.120303,0.12322,,1000,120.303,123.22
2019-01-06,0.114073,0.120384,,1000,114.073,120.384
2019-01-05,0.115128,0.114046,,1000,115.128,114.046
2019-01-04,0.113778,0.115361,,1000,113.778,115.361
2019-01-03,0.118946,0.113825,,1000,118.946,113.825
2019-01-02,0.116054,0.119331,,1000,116.054,119.331
2019-01-01,0.112932,0.11593,,1000,112.932,115.93
2018-12-31,0.117709,0.112813,,1000,117.709,112.813
2018-12-30,0.118284,0.11743,,1000,118.284,117.43
2018-12-29,0.121677,0.118036,,1000,121.677,118.036
2018-12-28,0.110513,0.121383,,1000,110.513,121.383
2018-12-27,0.120487,0.110486,,1000,120.487,110.486
2018-12-26,0.121735,0.120607,,1000,121.735,120.607
2018-12-25,0.133123,0.121682,,1000,133.123,121.682
2018-12-24,0.126668,0.13252,,1000,126.668,132.52
2018-12-23,0.123208,0.126585,,1000,123.208,126.585
2018-12-22,0.119997,0.12275,,1000,119.997,122.75
2018-12-21,0.126179,0.119916,,1000,126.179,119.916
2018-12-20,0.113865,0.12655,,1000,113.865,126.55
2018-12-19,0.114731,0.114245,,1000,114.731,114.245
2018-12-18,0.109671,0.11433,,1000,109.671,114.33
2018-12-17,0.09649,0.109693,,1000,96.49,109.693
2018-12-16,0.09547,0.096278,,1000,95.47,96.278
2018-12-15,0.097867,0.095439,,1000,97.867,95.439
2018-12-14,0.105656,0.09774,,1000,105.656,97.74
2018-12-13,0.113754,0.1058,,1000,113.754,105.8
2018-12-12,0.112664,0.11369,,1000,112.664,113.69
2018-12-11,0.118017,0.112835,,1000,118.017,112.835
2018-12-10,0.124218,0.118253,,1000,124.218,118.253
2018-12-09,0.1186,0.124328,,1000,118.6,124.328
2018-12-08,0.115391,0.118993,,1000,115.391,118.993
2018-12-07,0.119471,0.115263,,1000,119.471,115.263
2018-12-06,0.135591,0.119594,,1000,135.591,119.594
2018-12-05,0.147821,0.135936,,1000,147.821,135.936
2018-12-04,0.149287,0.147653,,1000,149.287,147.653
2018-12-03,0.160679,0.149536,,1000,160.679,149.536
2018-12-02,0.165514,0.160301,,1000,165.514,160.301
2018-12-01,0.159088,0.166332,,1000,159.088,166.332
2018-11-30,0.164957,0.15863,,1000,164.957,158.63
2018-11-29,0.161831,0.16508,,1000,161.831,165.08
2018-11-28,0.144111,0.162237,,1000,144.111,162.237
2018-11-27,0.144355,0.144374,,1000,144.355,144.374
2018-11-26,0.159195,0.144795,,1000,159.195,144.795
2018-11-25,0.15543,0.159607,,1000,155.43,159.607
2018-11-24,0.181912,0.154205,,1000,181.912,154.205
2018-11-23,0.187441,0.181211,,1000,187.441,181.211
2018-11-22,0.203459,0.187797,,1000,203.459,187.797
2018-11-21,0.194015,0.203688,,1000,194.015,203.688
2018-11-20,0.224573,0.193193,,1000,224.573,193.193
2018-11-19,0.249614,0.224412,,1000,249.614,224.412
2018-11-18,0.244894,0.249758,,1000,244.894,249.758
2018-11-17,0.236753,0.244927,,1000,236.753,244.927
2018-11-16,0.240067,0.23885,,1000,240.067,238.85
2018-11-15,0.233055,0.241944,,1000,233.055,241.944
2018-11-14,0.256955,0.233043,,1000,256.955,233.043
2018-11-13,0.267548,0.257787,,1000,267.548,257.787
2018-11-12,0.274039,0.267326,,1000,274.039,267.326
2018-11-11,0.260383,0.273605,,1000,260.383,273.605
2018-11-10,0.255588,0.26123,,1000,255.588,261.23
2018-11-09,0.255711,0.255542,,1000,255.711,255.542
2018-11-08,0.256527,0.256043,,1000,256.527,256.043
2018-11-07,0.265875,0.256718,,1000,265.875,256.718
2018-11-06,0.246849,0.265596,,1000,246.849,265.596
2018-11-05,0.240807,0.246529,,1000,240.807,246.529
2018-11-04,0.235788,0.241638,,1000,235.788,241.638
2018-11-03,0.234098,0.235706,,1000,234.098,235.706
2018-11-02,0.223014,0.234244,,1000,223.014,234.244
2018-11-01,0.22436,0.222945,,1000,224.36,222.945
2018-10-31,0.226218,0.223471,,1000,226.218,223.471
2018-10-30,0.2222,0.225093,,1000,222.2,225.093
2018-10-29,0.231678,0.222357,,1000,231.678,222.357
2018-10-28,0.229188,0.232871,,1000,229.188,232.871
2018-10-27,0.233858,0.22876,,1000,233.858,228.76
2018-10-26,0.235332,0.234011,,1000,235.332,234.011
2018-10-25,0.237535,0.235646,,1000,237.535,235.646
2018-10-24,0.241749,0.23776,,1000,241.749,237.76
2018-10-23,0.242491,0.242215,,1000,242.491,242.215
2018-10-22,0.240374,0.242361,,1000,240.374,242.361
2018-10-21,0.243722,0.241724,,1000,243.722,241.724
2018-10-20,0.245219,0.244182,,1000,245.219,244.182
2018-10-19,0.238869,0.242853,,1000,238.869,242.853
2018-10-18,0.240969,0.239452,,1000,240.969,239.452
2018-10-17,0.229563,0.240403,,1000,229.563,240.403
2018-10-16,0.222475,0.227978,,1000,222.475,227.978
2018-10-15,0.209662,0.223001,,1000,209.662,223.001
2018-10-14,0.214765,0.210144,,1000,214.765,210.144
2018-10-13,0.215589,0.21481,,1000,215.589,214.81
2018-10-12,0.206477,0.216032,,1000,206.477,216.032
2018-10-11,0.240941,0.207037,,1000,240.941,207.037
2018-10-10,0.243664,0.241593,,1000,243.664,241.593
2018-10-09,0.249569,0.243915,,1000,249.569,243.915
2018-10-08,0.243991,0.249009,,1000,243.991,249.009
2018-10-07,0.242372,0.245138,,1000,242.372,245.138
2018-10-06,0.245137,0.239771,,1000,245.137,239.771
2018-10-05,0.2435,0.245192,,1000,243.5,245.192
2018-10-04,0.240654,0.244278,,1000,240.654,244.278
2018-10-03,0.247934,0.241136,,1000,247.934,241.136
2018-10-02,0.258257,0.248286,,1000,258.257,248.286
2018-10-01,0.259081,0.258404,,1000,259.081,258.404
2018-09-30,0.254448,0.259599,,1000,254.448,259.599
2018-09-29,0.252453,0.253908,,1000,252.453,253.908
2018-09-28,0.259997,0.254127,,1000,259.997,254.127
2018-09-27,0.243985,0.259216,,1000,243.985,259.216
2018-09-26,0.250619,0.244767,,1000,250.619,244.767
2018-09-25,0.258395,0.252306,,1000,258.395,252.306
2018-09-24,0.279833,0.259048,,1000,279.833,259.048
2018-09-23,0.239433,0.281478,,1000,239.433,281.478
2018-09-22,0.248064,0.239225,,1000,248.064,239.225
2018-09-21,0.233042,0.249211,,1000,233.042,249.211
2018-09-20,0.206568,0.231897,,1000,206.568,231.897
2018-09-19,0.207512,0.206563,,1000,207.512,206.563
2018-09-18,0.196495,0.208417,,1000,196.495,208.417
2018-09-17,0.206108,0.196827,,1000,206.108,196.827
2018-09-16,0.203086,0.20651,,1000,203.086,206.51
2018-09-15,0.201211,0.203202,,1000,201.211,203.202
2018-09-14,0.206978,0.201743,,1000,206.978,201.743
2018-09-13,0.197915,0.207806,,1000,197.915,207.806
2018-09-12,0.201214,0.198293,,1000,201.214,198.293
2018-09-11,0.19148,0.201071,,1000,191.48,201.071
2018-09-10,0.191119,0.190839,,1000,191.119,190.839
2018-09-09,0.194291,0.192781,,1000,194.291,192.781
2018-09-08,0.207994,0.194437,,1000,207.994,194.437
2018-09-07,0.206841,0.207662,,1000,206.841,207.662
2018-09-06,0.205908,0.207484,,1000,205.908,207.484
2018-09-05,0.231953,0.207437,,1000,231.953,207.437
2018-09-04,0.221801,0.231268,,1000,221.801,231.268
2018-09-03,0.224672,0.225325,,1000,224.672,225.325
2018-09-02,0.229713,0.224744,,1000,229.713,224.744
2018-09-01,0.222309,0.229722,,1000,222.309,229.722
2018-08-31,0.221804,0.222076,,1000,221.804,222.076
2018-08-30,0.226858,0.220902,,1000,226.858,220.902
2018-08-29,0.234244,0.226211,,1000,234.244,226.211
2018-08-28,0.224904,0.234745,,1000,224.904,234.745
2018-08-27,0.213918,0.225437,,1000,213.918,225.437
2018-08-26,0.223861,0.21484,,1000,223.861,214.84
2018-08-25,0.221346,0.217795,,1000,221.346,217.795
2018-08-24,0.214871,0.219806,,1000,214.871,219.806
2018-08-23,0.213642,0.222162,,1000,213.642,222.162
2018-08-22,0.219224,0.206896,,1000,219.224,206.896
2018-08-21,0.217877,0.214708,,1000,217.877,214.708
2018-08-20,0.23002,0.216457,,1000,230.02,216.457
2018-08-19,0.223625,0.222723,,1000,223.625,222.723
2018-08-18,0.239124,0.224235,,1000,239.124,224.235
2018-08-17,0.215555,0.23812,,1000,215.555,238.12
2018-08-16,0.215885,0.216032,,1000,215.885,216.032
2018-08-15,0.218285,0.216954,,1000,218.285,216.954
2018-08-14,0.222632,0.216706,,1000,222.632,216.706
2018-08-13,0.2234,0.223559,,1000,223.4,223.559
2018-08-12,0.218225,0.223601,,1000,218.225,223.601
2018-08-11,0.224944,0.217665,,1000,224.944,217.665
2018-08-10,0.221085,0.22543,,1000,221.085,225.43
2018-08-09,0.201653,0.221435,,1000,201.653,221.435
2018-08-08,0.230009,0.201351,,1000,230.009,201.351
2018-08-07,0.234099,0.230672,,1000,234.099,230.672
2018-08-06,0.245017,0.234705,,1000,245.017,234.705
2018-08-05,0.241105,0.244218,,1000,241.105,244.218
2018-08-04,0.257761,0.240724,,1000,257.761,240.724
2018-08-03,0.261763,0.258956,,1000,261.763,258.956
2018-08-02,0.276901,0.261192,,1000,276.901,261.192
2018-08-01,0.278127,0.276268,,1000,278.127,276.268
2018-07-31,0.295472,0.278009,,1000,295.472,278.009
2018-07-30,0.308645,0.295923,,1000,308.645,295.923
2018-07-29,0.316401,0.308399,,1000,316.401,308.399
2018-07-28,0.317788,0.315229,,1000,317.788,315.229
2018-07-27,0.308283,0.316882,,1000,308.283,316.882
2018-07-26,0.332303,0.309552,,1000,332.303,309.552
2018-07-25,0.297336,0.331706,,1000,297.336,331.706
2018-07-24,0.284922,0.301456,,1000,284.922,301.456
2018-07-23,0.283119,0.284384,,1000,283.119,284.384
2018-07-22,0.290739,0.283534,,1000,290.739,283.534
2018-07-21,0.27038,0.292259,,1000,270.38,292.259
2018-07-20,0.302421,0.271492,,1000,302.421,271.492
2018-07-19,0.296818,0.302513,,1000,296.818,302.513
2018-07-18,0.253249,0.2984,,1000,253.249,298.4
2018-07-17,0.238004,0.252967,,1000,238.004,252.967
2018-07-16,0.219478,0.237928,,1000,219.478,237.928
2018-07-15,0.208031,0.219871,,1000,208.031,219.871
2018-07-14,0.203789,0.207877,,1000,203.789,207.877
2018-07-13,0.185986,0.204272,,1000,185.986,204.272
2018-07-12,0.190298,0.185719,,1000,190.298,185.719
2018-07-11,0.191825,0.189504,,1000,191.825,189.504
2018-07-10,0.206595,0.191889,,1000,206.595,191.889
2018-07-09,0.210637,0.207929,,1000,210.637,207.929
2018-07-08,0.208953,0.209783,,1000,208.953,209.783
2018-07-07,0.206104,0.20845,,1000,206.104,208.45
2018-07-06,0.203001,0.206381,,1000,203.001,206.381
2018-07-05,0.210213,0.202978,,1000,210.213,202.978
2018-07-04,0.205776,0.209735,,1000,205.776,209.735
2018-07-03,0.211672,0.206315,,1000,211.672,206.315
2018-07-02,0.200196,0.213151,,1000,200.196,213.151
2018-07-01,0.19285,0.198573,,1000,192.85,198.573
2018-06-30,0.186915,0.193425,,1000,186.915,193.425
2018-06-29,0.179309,0.18671,,1000,179.309,186.71
2018-06-28,0.18875,0.178951,,1000,188.75,178.951
2018-06-27,0.184523,0.189633,,1000,184.523,189.633
2018-06-26,0.196489,0.186484,,1000,196.489,186.484
2018-06-25,0.193652,0.197753,,1000,193.652,197.753
2018-06-24,0.203188,0.193633,,1000,203.188,193.633
2018-06-23,0.20367,0.203515,,1000,203.67,203.515
2018-06-22,0.227657,0.203407,,1000,227.657,203.407
2018-06-21,0.232437,0.227997,,1000,232.437,227.997
2018-06-20,0.236379,0.232188,,1000,236.379,232.188
2018-06-19,0.233515,0.235309,,1000,233.515,235.309
2018-06-18,0.231517,0.234371,,1000,231.517,234.371
2018-06-17,0.233146,0.232105,,1000,233.146,232.105
2018-06-16,0.232527,0.234041,,1000,232.527,234.041
2018-06-15,0.241695,0.234242,,1000,241.695,234.242
2018-06-14,0.22189,0.242426,,1000,221.89,242.426
2018-06-13,0.232297,0.221691,,1000,232.297,221.691
2018-06-12,0.255286,0.231689,,1000,255.286,231.689
2018-06-11,0.247103,0.256482,,1000,247.103,256.482
2018-06-10,0.282765,0.247658,,1000,282.765,247.658
2018-06-09,0.287071,0.281894,,1000,287.071,281.894
2018-06-08,0.293776,0.287963,,1000,293.776,287.963
2018-06-07,0.297974,0.294206,,1000,297.974,294.206
2018-06-06,0.293325,0.298269,,1000,293.325,298.269
2018-06-05,0.292134,0.294313,,1000,292.134,294.313
2018-06-04,0.304636,0.292158,,1000,304.636,292.158
2018-06-03,0.298581,0.302912,,1000,298.581,302.912
2018-06-02,0.290961,0.298413,,1000,290.961,298.413
2018-06-01,0.296535,0.290022,,1000,296.535,290.022
2018-05-31,0.278473,0.296652,,1000,278.473,296.652
2018-05-30,0.283893,0.277747,,1000,283.893,277.747
2018-05-29,0.253952,0.282845,,1000,253.952,282.845
2018-05-28,0.276329,0.253582,,1000,276.329,253.582
2018-05-27,0.284194,0.276376,,1000,284.194,276.376
2018-05-26,0.288601,0.284695,,1000,288.601,284.695
2018-05-25,0.292986,0.288069,,1000,292.986,288.069
2018-05-24,0.279751,0.291338,,1000,279.751,291.338
2018-05-23,0.300583,0.280355,,1000,300.583,280.355
2018-05-22,0.318612,0.301084,,1000,318.612,301.084
2018-05-21,0.33296,0.318115,,1000,332.96,318.115
2018-05-20,0.317749,0.33281,,1000,317.749,332.81
2018-05-19,0.319639,0.317234,,1000,319.639,317.234
2018-05-18,0.313269,0.319488,,1000,313.269,319.488
2018-05-17,0.335431,0.313497,,1000,335.431,313.497
2018-05-16,0.346798,0.334677,,1000,346.798,334.677
2018-05-15,0.369699,0.348445,,1000,369.699,348.445
2018-05-14,0.376304,0.36968,,1000,376.304,369.68
2018-05-13,0.359814,0.375852,,1000,359.814,375.852
2018-05-12,0.314162,0.359937,,1000,314.162,359.937
2018-05-11,0.353429,0.314252,,1000,353.429,314.252
2018-05-10,0.377714,0.353962,,1000,377.714,353.962
2018-05-09,0.385144,0.37797,,1000,385.144,377.97
2018-05-08,0.396568,0.386371,,1000,396.568,386.371
2018-05-07,0.413665,0.395702,,1000,413.665,395.702
2018-05-06,0.430338,0.412944,,1000,430.338,412.944
2018-05-05,0.431216,0.430875,,1000,431.216,430.875
2018-05-04,0.438234,0.43114,,1000,438.234,431.14
2018-05-03,0.439016,0.437379,,1000,439.016,437.379
2018-05-02,0.439037,0.439227,,1000,439.037,439.227
2018-05-01,0.425853,0.439733,,1000,425.853,439.733
2018-04-30,0.458688,0.424659,,1000,458.688,424.659
2018-04-29,0.429945,0.458405,,1000,429.945,458.405
2018-04-28,0.390447,0.428918,,1000,390.447,428.918
2018-04-27,0.386439,0.391085,,1000,386.439,391.085
2018-04-26,0.341455,0.387556,,1000,341.455,387.556
2018-04-25,0.397897,0.339517,,1000,397.897,339.517
2018-04-24,0.372631,0.40067,,1000,372.631,400.67
2018-04-23,0.367921,0.372128,,1000,367.921,372.128
2018-04-22,0.375207,0.368139,,1000,375.207,368.139
2018-04-21,0.391513,0.375663,,1000,391.513,375.663
2018-04-20,0.366551,0.391165,,1000,366.551,391.165
2018-04-19,0.354726,0.36612,,1000,354.726,366.12
2018-04-18,0.300338,0.351544,,1000,300.338,351.544
2018-04-17,0.284747,0.300202,,1000,284.747,300.202
2018-04-16,0.290237,0.284156,,1000,290.237,284.156
2018-04-15,0.250979,0.290722,,1000,250.979,290.722
2018-04-14,0.245338,0.250668,,1000,245.338,250.668
2018-04-13,0.241112,0.24629,,1000,241.112,246.29
2018-04-12,0.211258,0.24212,,1000,211.258,242.12
2018-04-11,0.199526,0.212337,,1000,199.526,212.337
2018-04-10,0.197444,0.199344,,1000,197.444,199.344
2018-04-09,0.206718,0.197333,,1000,206.718,197.333
2018-04-08,0.201817,0.206377,,1000,201.817,206.377
2018-04-07,0.193547,0.201859,,1000,193.547,201.859
2018-04-06,0.197781,0.193317,,1000,197.781,193.317
2018-04-05,0.207124,0.19794,,1000,207.124,197.94
2018-04-04,0.233729,0.204108,,1000,233.729,204.108
2018-04-03,0.225992,0.235691,,1000,225.992,235.691
2018-04-02,0.207131,0.224878,,1000,207.131,224.878
2018-04-01,0.207723,0.206582,,1000,207.723,206.582
2018-03-31,0.189039,0.206778,,1000,189.039,206.778
2018-03-30,0.190582,0.188733,,1000,190.582,188.733
2018-03-29,0.219226,0.190819,,1000,219.226,190.819
2018-03-28,0.215889,0.219251,,1000,215.889,219.251
2018-03-27,0.228565,0.216033,,1000,228.565,216.033
2018-03-26,0.239258,0.228861,,1000,239.258,228.861
2018-03-25,0.233062,0.239952,,1000,233.062,239.952
2018-03-24,0.237745,0.235422,,1000,237.745,235.422
2018-03-23,0.242993,0.236147,,1000,242.993,236.147
2018-03-22,0.25517,0.243212,,1000,255.17,243.212
2018-03-21,0.27067,0.254636,,1000,270.67,254.636
2018-03-20,0.249992,0.267968,,1000,249.992,267.968
2018-03-19,0.222368,0.250226,,1000,222.368,250.226
2018-03-18,0.206409,0.220473,,1000,206.409,220.473
2018-03-17,0.230277,0.206731,,1000,230.277,206.731
2018-03-16,0.240988,0.229991,,1000,240.988,229.991
2018-03-15,0.248854,0.240655,,1000,248.854,240.655
2018-03-14,0.29185,0.248689,,1000,291.85,248.689
2018-03-13,0.290151,0.290193,,1000,290.151,290.193
2018-03-12,0.304301,0.291765,,1000,304.301,291.765
2018-03-11,0.291868,0.304217,,1000,291.868,304.217
2018-03-10,0.315618,0.292661,,1000,315.618,292.661
2018-03-09,0.311237,0.311859,,1000,311.237,311.859
2018-03-08,0.329847,0.311938,,1000,329.847,311.938
2018-03-07,0.337814,0.329103,,1000,337.814,329.103
2018-03-06,0.351753,0.337911,,1000,351.753,337.911
2018-03-05,0.363777,0.352031,,1000,363.777,352.031
2018-03-04,0.354031,0.36193,,1000,354.031,361.93
2018-03-03,0.319021,0.350168,,1000,319.021,350.168
2018-03-02,0.338691,0.320107,,1000,338.691,320.107
2018-03-01,0.334118,0.339314,,1000,334.118,339.314
2018-02-28,0.36041,0.333916,,1000,360.41,333.916
2018-02-27,0.364632,0.362051,,1000,364.632,362.051
2018-02-26,0.358687,0.364579,,1000,358.687,364.579
2018-02-25,0.354549,0.357302,,1000,354.549,357.302
2018-02-24,0.382687,0.355163,,1000,382.687,355.163
2018-02-23,0.364134,0.381985,,1000,364.134,381.985
2018-02-22,0.393891,0.366447,,1000,393.891,366.447
2018-02-21,0.399718,0.396765,,1000,399.718,396.765
2018-02-20,0.452845,0.402289,,1000,452.845,402.289
2018-02-19,0.450437,0.452932,,1000,450.437,452.932
2018-02-18,0.479855,0.450399,,1000,479.855,450.399
2018-02-17,0.455103,0.479075,,1000,455.103,479.075
2018-02-16,0.451796,0.455446,,1000,451.796,455.446
2018-02-15,0.452048,0.453556,,1000,452.048,453.556
2018-02-14,0.409872,0.453888,,1000,409.872,453.888
2018-02-13,0.396419,0.410614,,1000,396.419,410.614
2018-02-12,0.374181,0.395649,,1000,374.181,395.649
2018-02-11,0.406615,0.370005,,1000,406.615,370.005
2018-02-10,0.39844,0.406856,,1000,398.44,406.856
2018-02-09,0.360711,0.401068,,1000,360.711,401.068
2018-02-08,0.34493,0.363565,,1000,344.93,363.565
2018-02-07,0.368956,0.342125,,1000,368.956,342.125
2018-02-06,0.336738,0.370811,,1000,336.738,370.811
2018-02-05,0.383191,0.331192,,1000,383.191,331.192
2018-02-04,0.42597,0.377231,,1000,425.97,377.231
2018-02-03,0.40595,0.430056,,1000,405.95,430.056
2018-02-02,0.455087,0.405075,,1000,455.087,405.075
2018-02-01,0.540834,0.456455,,1000,540.834,456.455
2018-01-31,0.488731,0.539797,,1000,488.731,539.797
2018-01-30,0.590831,0.489648,,1000,590.831,489.648
2018-01-29,0.632602,0.589283,,1000,632.602,589.283
2018-01-28,0.615916,0.634421,,1000,615.916,634.421
2018-01-27,0.631495,0.613061,,1000,631.495,613.061
2018-01-26,0.602163,0.633916,,1000,602.163,633.916
2018-01-25,0.567863,0.608253,,1000,567.863,608.253
2018-01-24,0.486517,0.567014,,1000,486.517,567.014
2018-01-23,0.475039,0.486185,,1000,475.039,486.185
2018-01-22,0.465901,0.486338,,1000,465.901,486.338
2018-01-21,0.534347,0.464117,,1000,534.347,464.117
2018-01-20,0.50995,0.534677,,1000,509.95,534.677
2018-01-19,0.503367,0.506232,,1000,503.367,506.232
2018-01-18,0.479522,0.509523,,1000,479.522,509.523
2018-01-17,0.441944,0.477187,,1000,441.944,477.187
2018-01-16,0.600117,0.441197,,1000,600.117,441.197
2018-01-15,0.625504,0.599271,,1000,625.504,599.271
2018-01-14,0.672198,0.630856,,1000,672.198,630.856
2018-01-13,0.681853,0.671564,,1000,681.853,671.564
2018-01-12,0.558864,0.67796,,1000,558.864,677.96
2018-01-11,0.56369,0.558126,,1000,563.69,558.126
2018-01-10,0.588565,0.56693,,1000,588.565,566.93
2018-01-09,0.628026,0.585653,,1000,628.026,585.653
2018-01-08,0.695952,0.629323,,1000,695.952,629.323
2018-01-07,0.70973,0.699645,,1000,709.73,699.645
2018-01-06,0.66306,0.709945,,1000,663.06,709.945
2018-01-05,0.739457,0.662712,,1000,739.457,662.712
2018-01-04,0.892399,0.72405,,1000,892.399,724.05
2018-01-03,0.56272,0.896227,,1000,562.72,896.227
2018-01-02,0.496876,0.564766,,1000,496.876,564.766
2018-01-01,0.360422,0.480008,,1000,360.422,480.008
2017-12-31,0.317846,0.360756,,1000,317.846,360.756
2017-12-30,0.316473,0.323202,,1000,316.473,323.202
2017-12-29,0.223778,0.322941,,1000,223.778,322.941
2017-12-28,0.227821,0.223544,,1000,227.821,223.544
2017-12-27,0.226261,0.229224,,1000,226.261,229.224
2017-12-26,0.228649,0.226018,,1000,228.649,226.018
2017-12-25,0.226538,0.228511,,1000,226.538,228.511
2017-12-24,0.236793,0.22445,,1000,236.793,224.45
2017-12-23,0.220812,0.234179,,1000,220.812,234.179
2017-12-22,0.258506,0.216717,,1000,258.506,216.717
2017-12-21,0.252894,0.2572,,1000,252.894,257.2
2017-12-20,0.264813,0.252386,,1000,264.813,252.386
2017-12-19,0.276017,0.26431,,1000,276.017,264.31
2017-12-18,0.273167,0.276283,,1000,273.167,276.283
2017-12-17,0.234672,0.266621,,1000,234.672,266.621
2017-12-16,0.196077,0.232125,,1000,196.077,232.125
2017-12-15,0.198565,0.195862,,1000,198.565,195.862
2017-12-14,0.148829,0.188907,,1000,148.829,188.907
2017-12-13,0.154966,0.149342,,1000,154.966,149.342
2017-12-12,0.143231,0.156444,,1000,143.231,156.444
2017-12-11,0.118252,0.144956,,1000,118.252,144.956
2017-12-10,0.138053,0.119263,,1000,138.053,119.263
2017-12-09,0.140346,0.135122,,1000,140.346,135.122
2017-12-08,0.137887,0.13726,,1000,137.887,137.26
2017-12-07,0.153297,0.133046,,1000,153.297,133.046
2017-12-06,0.121563,0.151622,,1000,121.563,151.622
2017-12-05,0.09724,0.123523,,1000,97.24,123.523
2017-12-04,0.089487,0.09761,,1000,89.487,97.61
2017-12-03,0.093531,0.089035,,1000,93.531,89.035
2017-12-02,0.090184,0.093816,,1000,90.184,93.816
2017-12-01,0.072181,0.089883,,1000,72.181,89.883
2017-11-30,0.065554,0.072871,,1000,65.554,72.871
2017-11-29,0.081939,0.064424,,1000,81.939,64.424
2017-11-28,0.056877,0.081415,,1000,56.877,81.415
2017-11-27,0.048866,0.059843,,1000,48.866,59.843
2017-11-26,0.043762,0.048896,,1000,43.762,48.896
2017-11-25,0.04028,0.043639,,1000,40.28,43.639
2017-11-24,0.040437,0.040193,,1000,40.437,40.193
2017-11-23,0.042674,0.040535,,1000,42.674,40.535
2017-11-22,0.037669,0.042299,,1000,37.669,42.299
2017-11-21,0.038127,0.037668,,1000,38.127,37.668
2017-11-20,0.036619,0.038121,,1000,36.619,38.121
2017-11-19,0.036482,0.036566,,1000,36.482,36.566
2017-11-18,0.035494,0.036583,,1000,35.494,36.583
2017-11-17,0.037144,0.035572,,1000,37.144,35.572
2017-11-16,0.036987,0.037234,,1000,36.987,37.234
2017-11-15,0.036471,0.037053,,1000,36.471,37.053
2017-11-14,0.030609,0.036374,,1000,30.609,36.374
2017-11-13,0.028115,0.030656,,1000,28.115,30.656
2017-11-12,0.032965,0.028182,,1000,32.965,28.182
2017-11-11,0.033083,0.033053,,1000,33.083,33.053
2017-11-10,0.039833,0.033073,,1000,39.833,33.073
2017-11-09,0.033792,0.039946,,1000,33.792,39.946
2017-11-08,0.030657,0.033763,,1000,30.657,33.763
2017-11-07,0.028874,0.030699,,1000,28.874,30.699
2017-11-06,0.026694,0.02888,,1000,26.694,28.88
2017-11-05,0.027244,0.026765,,1000,27.244,26.765
2017-11-04,0.027829,0.027294,,1000,27.829,27.294
2017-11-03,0.027498,0.027779,,1000,27.498,27.779
2017-11-02,0.027025,0.027607,,1000,27.025,27.607
2017-11-01,0.029387,0.027353,,1000,29.387,27.353
2017-10-31,0.031606,0.029182,,1000,31.606,29.182
2017-10-30,0.030731,0.031804,,1000,30.731,31.804
2017-10-29,0.031104,0.030331,,1000,31.104,30.331
2017-10-28,0.034284,0.031038,,1000,34.284,31.038
2017-10-27,0.03468,0.034236,,1000,34.68,34.236
2017-10-26,0.035246,0.034546,,1000,35.246,34.546
2017-10-25,0.036433,0.035004,,1000,36.433,35.004
2017-10-24,0.034466,0.036649,,1000,34.466,36.649
2017-10-23,0.031206,0.033832,,1000,31.206,33.832
2017-10-22,0.036487,0.031269,,1000,36.487,31.269
2017-10-21,0.027343,0.036429,,1000,27.343,36.429
2017-10-20,0.031246,0.026757,,1000,31.246,26.757
2017-10-19,0.035176,0.031195,,1000,35.176,31.195
2017-10-18,0.04581,0.035133,,1000,45.81,35.133
2017-10-17,0.036511,0.045842,,1000,36.511,45.842
2017-10-16,0.018929,0.036865,,1000,18.929,36.865
2017-10-15,0.017291,0.018925,,1000,17.291,18.925
2017-10-14,0.018017,0.017522,,1000,18.017,17.522
2017-10-13,0.01765,0.01796,,1000,17.65,17.96
2017-10-12,0.019498,0.017784,,1000,19.498,17.784
2017-10-11,0.01887,0.01945,,1000,18.87,19.45
2017-10-10,0.01744,0.018953,,1000,17.44,18.953
2017-10-09,0.0188,0.017601,,1000,18.8,17.601
2017-10-08,0.020691,0.018598,,1000,20.691,18.598
2017-10-07,0.018443,0.020959,,1000,18.443,20.959
2017-10-06,0.014657,0.018403,,1000,14.657,18.403
2017-10-05,0.011881,0.014576,,1000,11.881,14.576
2017-10-04,0.012469,0.011851,,1000,12.469,11.851
2017-10-03,0.012947,0.012404,,1000,12.947,12.404
2017-10-02,0.013697,0.012962,,1000,13.697,12.962
2017-10-01,0.013813,0.013688,,1000,13.813,13.688
2017-09-30,0.013162,0.013858,,1000,13.162,13.858
2017-09-29,0.013816,0.013204,,1000,13.816,13.204
2017-09-28,0.014316,0.013863,,1000,14.316,13.863
2017-09-27,0.012299,0.014378,,1000,12.299,14.378
2017-09-26,0.012077,0.012388,,1000,12.077,12.388
2017-09-25,0.011551,0.012073,,1000,11.551,12.073
2017-09-24,0.011915,0.011563,,1000,11.915,11.563
2017-09-23,0.010755,0.011896,,1000,10.755,11.896
2017-09-22,0.010699,0.010776,,1000,10.699,10.776
2017-09-21,0.012104,0.0106,,1000,12.104,10.6
2017-09-20,0.011781,0.012236,,1000,11.781,12.236
2017-09-19,0.013453,0.011795,,1000,13.453,11.795
2017-09-18,0.011173,0.013455,,1000,11.173,13.455
2017-09-17,0.01171,0.011211,,1000,11.71,11.211
2017-09-16,0.012047,0.011699,,1000,12.047,11.699
2017-09-15,0.011129,0.012097,,1000,11.129,12.097
2017-09-14,0.015355,0.011038,,1000,15.355,11.038
2017-09-13,0.016198,0.015328,,1000,16.198,15.328
2017-09-12,0.017014,0.016324,,1000,17.014,16.324
2017-09-11,0.016276,0.016993,,1000,16.276,16.993
2017-09-10,0.017109,0.016269,,1000,17.109,16.269
2017-09-09,0.017521,0.017095,,1000,17.521,17.095
2017-09-08,0.020058,0.017447,,1000,20.058,17.447
2017-09-07,0.020353,0.020096,,1000,20.353,20.096
2017-09-06,0.01858,0.020346,,1000,18.58,20.346
2017-09-05,0.017857,0.018567,,1000,17.857,18.567
2017-09-04,0.02131,0.017625,,1000,21.31,17.625
2017-09-03,0.020813,0.021296,,1000,20.813,21.296
2017-09-02,0.024058,0.020837,,1000,24.058,20.837
2017-09-01,0.022338,0.023954,,1000,22.338,23.954
2017-08-31,0.021194,0.022405,,1000,21.194,22.405
2017-08-30,0.020056,0.021224,,1000,20.056,21.224
2017-08-29,0.020497,0.020104,,1000,20.497,20.104
2017-08-28,0.019862,0.020525,,1000,19.862,20.525
2017-08-27,0.02112,0.019785,,1000,21.12,19.785
2017-08-26,0.020325,0.021208,,1000,20.325,21.208
2017-08-25,0.019036,0.020497,,1000,19.036,20.497
2017-08-24,0.020465,0.019024,,1000,20.465,19.024
2017-08-23,0.021459,0.020222,,1000,21.459,20.222
2017-08-22,0.01966,0.021624,,1000,19.66,21.624
2017-08-21,0.017669,0.019753,,1000,17.669,19.753
2017-08-20,0.016481,0.017631,,1000,16.481,17.631
2017-08-19,0.016862,0.016513,,1000,16.862,16.513
2017-08-18,0.017326,0.016842,,1000,17.326,16.842
2017-08-17,0.017715,0.017327,,1000,17.715,17.327
2017-08-16,0.017377,0.017702,,1000,17.377,17.702
2017-08-15,0.017605,0.017433,,1000,17.605,17.433
2017-08-14,0.018313,0.017622,,1000,18.313,17.622
2017-08-13,0.020234,0.01825,,1000,20.234,18.25
2017-08-12,0.0214,0.020218,,1000,21.4,20.218
2017-08-11,0.02194,0.02148,,1000,21.94,21.48
2017-08-10,0.022993,0.022007,,1000,22.993,22.007
2017-08-09,0.023813,0.022996,,1000,23.813,22.996
2017-08-08,0.0223,0.023737,,1000,22.3,23.737
2017-08-07,0.022697,0.022195,,1000,22.697,22.195
2017-08-06,0.023835,0.022701,,1000,23.835,22.701
2017-08-05,0.0228,0.023984,,1000,22.8,23.984
2017-08-04,0.018846,0.022241,,1000,18.846,22.241
2017-08-03,0.018313,0.01886,,1000,18.313,18.86
2017-08-02,0.017906,0.018413,,1000,17.906,18.413
2017-08-01,0.016102,0.017933,,1000,16.102,17.933
2017-07-31,0.015894,0.016095,,1000,15.894,16.095
2017-07-30,0.017492,0.015984,,1000,17.492,15.984
2017-07-29,0.01693,0.017447,,1000,16.93,17.447
2017-07-28,0.01842,0.016961,,1000,18.42,16.961
2017-07-27,0.018937,0.018322,,1000,18.937,18.322
2017-07-26,0.018577,0.018878,,1000,18.577,18.878
2017-07-25,0.022616,0.018551,,1000,22.616,18.551
2017-07-24,0.021672,0.022605,,1000,21.672,22.605
2017-07-23,0.022909,0.021769,,1000,22.909,21.769
2017-07-22,0.019178,0.022877,,1000,19.178,22.877
2017-07-21,0.018994,0.019201,,1000,18.994,19.201
2017-07-20,0.017338,0.018859,,1000,17.338,18.859
2017-07-19,0.018771,0.017256,,1000,18.771,17.256
2017-07-18,0.018731,0.018666,,1000,18.731,18.666
2017-07-17,0.015511,0.018614,,1000,15.511,18.614
2017-07-16,0.017577,0.015654,,1000,17.577,15.654
2017-07-15,0.016244,0.017618,,1000,16.244,17.618
2017-07-14,0.017373,0.016321,,1000,17.373,16.321
2017-07-13,0.018142,0.017351,,1000,18.142,17.351
2017-07-12,0.014322,0.017907,,1000,14.322,17.907
2017-07-11,0.014858,0.014518,,1000,14.858,14.518
2017-07-10,0.019547,0.015137,,1000,19.547,15.137
2017-07-09,0.021628,0.019499,,1000,21.628,19.499
2017-07-08,0.020423,0.021597,,1000,20.423,21.597
2017-07-07,0.025482,0.020415,,1000,25.482,20.415
2017-07-06,0.025502,0.025418,,1000,25.502,25.418
2017-07-05,0.025681,0.025441,,1000,25.681,25.441
2017-07-04,0.026169,0.02575,,1000,26.169,25.75
2017-07-03,0.025696,0.026266,,1000,25.696,26.266
2017-07-02,0.024477,0.025706,,1000,24.477,25.706
2017-07-01,0.026959,0.024466,,1000,26.959,24.466
2017-06-30,0.029028,0.026988,,1000,29.028,26.988
2017-06-29,0.031839,0.029039,,1000,31.839,29.039
2017-06-28,0.029205,0.031998,,1000,29.205,31.998
2017-06-27,0.030218,0.029113,,1000,30.218,29.113
2017-06-26,0.033454,0.030218,,1000,33.454,30.218
2017-06-25,0.038099,0.033373,,1000,38.099,33.373
2017-06-24,0.040449,0.03821,,1000,40.449,38.21
2017-06-23,0.038643,0.041397,,1000,38.643,41.397
2017-06-22,0.038317,0.03872,,1000,38.317,38.72
2017-06-21,0.039372,0.038124,,1000,39.372,38.124
2017-06-20,0.040357,0.039366,,1000,40.357,39.366
2017-06-19,0.03831,0.040252,,1000,38.31,40.252
2017-06-18,0.039137,0.038332,,1000,39.137,38.332
2017-06-17,0.037526,0.039251,,1000,37.526,39.251
2017-06-16,0.037467,0.037536,,1000,37.467,37.536
2017-06-15,0.039994,0.037439,,1000,39.994,37.439
2017-06-14,0.041905,0.039828,,1000,41.905,39.828
2017-06-13,0.039688,0.04186,,1000,39.688,41.86
2017-06-12,0.045825,0.039988,,1000,45.825,39.988
2017-06-11,0.042751,0.045915,,1000,42.751,45.915
2017-06-10,0.047365,0.042866,,1000,47.365,42.866
2017-06-09,0.05033,0.047356,,1000,50.33,47.356
2017-06-08,0.046835,0.05042,,1000,46.835,50.42
2017-06-07,0.045483,0.047098,,1000,45.483,47.098
2017-06-06,0.041515,0.045407,,1000,41.515,45.407
2017-06-05,0.039833,0.041507,,1000,39.833,41.507
2017-06-04,0.038989,0.039989,,1000,38.989,39.989
2017-06-03,0.040042,0.039294,,1000,40.042,39.294
2017-06-02,0.043191,0.040226,,1000,43.191,40.226
2017-06-01,0.034424,0.043069,,1000,34.424,43.069
2017-05-31,0.0308,0.034273,,1000,30.8,34.273
2017-05-30,0.036753,0.031009,,1000,36.753,31.009
2017-05-29,0.035289,0.037044,,1000,35.289,37.044
2017-05-28,0.033198,0.035364,,1000,33.198,35.364
2017-05-27,0.040732,0.033024,,1000,40.732,33.024
2017-05-26,0.039485,0.041065,,1000,39.485,41.065
2017-05-25,0.050931,0.040021,,1000,50.931,40.021
2017-05-24,0.055403,0.051364,,1000,55.403,51.364
2017-05-23,0.051216,0.0555,,1000,51.216,55.5
2017-05-22,0.062549,0.051003,,1000,62.549,51.003
2017-05-21,0.053996,0.060843,,1000,53.996,60.843
2017-05-20,0.049562,0.053888,,1000,49.562,53.888
2017-05-19,0.046302,0.049576,,1000,46.302,49.576
2017-05-18,0.048089,0.04627,,1000,48.089,46.27
2017-05-17,0.049946,0.048568,,1000,49.946,48.568
2017-05-16,0.043404,0.049368,,1000,43.404,49.368
2017-05-15,0.038589,0.043552,,1000,38.589,43.552
2017-05-14,0.037482,0.038648,,1000,37.482,38.648
2017-05-13,0.039963,0.037586,,1000,39.963,37.586
2017-05-12,0.037228,0.040706,,1000,37.228,40.706
2017-05-11,0.031073,0.036203,,1000,31.073,36.203
2017-05-10,0.028423,0.031376,,1000,28.423,31.376
2017-05-09,0.039671,0.027647,,1000,39.671,27.647
2017-05-08,0.043297,0.03988,,1000,43.297,39.88
2017-05-07,0.021414,0.043984,,1000,21.414,43.984
2017-05-06,0.010784,0.021343,,1000,10.784,21.343
2017-05-05,0.006623,0.010877,,1000,6.623,10.877
2017-05-04,0.005198,0.006628,,1000,5.198,6.628
2017-05-03,0.004816,0.005197,,1000,4.816,5.197
2017-05-02,0.005153,0.004834,,1000,5.153,4.834
2017-05-01,0.004835,0.005138,,1000,4.835,5.138
2017-04-30,0.004975,0.00484,,1000,4.975,4.84
2017-04-29,0.004532,0.004971,,1000,4.532,4.971
2017-04-28,0.003971,0.004551,,1000,3.971,4.551
2017-04-27,0.003839,0.00397,,1000,3.839,3.97
2017-04-26,0.003805,0.003835,,1000,3.805,3.835
2017-04-25,0.003849,0.003808,,1000,3.849,3.808
2017-04-24,0.003521,0.00384,,1000,3.521,3.84
2017-04-23,0.003484,0.003506,,1000,3.484,3.506
2017-04-22,0.003465,0.003506,,1000,3.465,3.506
2017-04-21,0.003365,0.003466,,1000,3.365,3.466
2017-04-20,0.003554,0.003368,,1000,3.554,3.368
2017-04-19,0.00373,0.003574,,1000,3.73,3.574
2017-04-18,0.003582,0.003706,,1000,3.582,3.706
2017-04-17,0.003757,0.003555,,1000,3.757,3.555
2017-04-16,0.003389,0.003737,,1000,3.389,3.737
2017-04-15,0.003129,0.003385,,1000,3.129,3.385
2017-04-14,0.003077,0.003128,,1000,3.077,3.128
2017-04-13,0.003021,0.00306,,1000,3.021,3.06
2017-04-12,0.002768,0.003036,,1000,2.768,3.036
2017-04-11,0.002808,0.002782,,1000,2.808,2.782
2017-04-10,0.002752,0.002788,,1000,2.752,2.788
2017-04-09,0.00291,0.002745,,1000,2.91,2.745
2017-04-08,0.002746,0.00292,,1000,2.746,2.92
2017-04-07,0.002808,0.002767,,1000,2.808,2.767
2017-04-06,0.00314,0.002824,,1000,3.14,2.824
2017-04-05,0.003006,0.003131,,1000,3.006,3.131
2017-04-04,0.003152,0.003046,,1000,3.152,3.046
2017-04-03,0.004118,0.003124,,1000,4.118,3.124
2017-04-02,0.002607,0.004183,,1000,2.607,4.183
2017-04-01,0.002349,0.002631,,1000,2.349,2.631
2017-03-31,0.00227,0.002356,,1000,2.27,2.356
2017-03-30,0.002022,0.002302,,1000,2.022,2.302
2017-03-29,0.002056,0.001973,,1000,2.056,1.973
2017-03-28,0.001899,0.002043,,1000,1.899,2.043
2017-03-27,0.002035,0.001892,,1000,2.035,1.892
2017-03-26,0.002009,0.002018,,1000,2.009,2.018
2017-03-25,0.002112,0.002016,,1000,2.112,2.016
2017-03-24,0.002291,0.002108,,1000,2.291,2.108
2017-03-23,0.001984,0.002251,,1000,1.984,2.251
2017-03-22,0.002186,0.001983,,1000,2.186,1.983
2017-03-21,0.00198,0.002187,,1000,1.98,2.187
2017-03-20,0.00192,0.001995,,1000,1.92,1.995
2017-03-19,0.001875,0.001916,,1000,1.875,1.916
2017-03-18,0.00196,0.001877,,1000,1.96,1.877
2017-03-17,0.001952,0.001957,,1000,1.952,1.957
2017-03-16,0.001944,0.00197,,1000,1.944,1.97
2017-03-15,0.001918,0.001953,,1000,1.918,1.953
2017-03-14,0.001965,0.001918,,1000,1.965,1.918
2017-03-13,0.001859,0.001965,,1000,1.859,1.965
2017-03-12,0.001796,0.001847,,1000,1.796,1.847
2017-03-11,0.001733,0.001788,,1000,1.733,1.788
2017-03-10,0.001784,0.001733,,1000,1.784,1.733
2017-03-09,0.001843,0.00179,,1000,1.843,1.79
2017-03-08,0.002007,0.001835,,1000,2.007,1.835
2017-03-07,0.001987,0.002011,,1000,1.987,2.011
2017-03-06,0.001732,0.001876,,1000,1.732,1.876
2017-03-05,0.001745,0.001738,,1000,1.745,1.738
2017-03-04,0.001775,0.001753,,1000,1.775,1.753
2017-03-03,0.001786,0.001763,,1000,1.786,1.763
2017-03-02,0.001731,0.001787,,1000,1.731,1.787
2017-03-01,0.001842,0.001724,,1000,1.842,1.724
2017-02-28,0.001776,0.001843,,1000,1.776,1.843
2017-02-27,0.00188,0.001774,,1000,1.88,1.774
2017-02-26,0.00188,0.001875,,1000,1.88,1.875
2017-02-25,0.001881,0.001881,,1000,1.881,1.881
2017-02-24,0.00193,0.001885,,1000,1.93,1.885
2017-02-23,0.00202,0.001927,,1000,2.02,1.927
2017-02-22,0.002008,0.002008,,1000,2.008,2.008
2017-02-21,0.002045,0.001997,,1000,2.045,1.997
2017-02-20,0.002021,0.002052,,1000,2.021,2.052
2017-02-19,0.002022,0.002014,,1000,2.022,2.014
2017-02-18,0.002093,0.002021,,1000,2.093,2.021
2017-02-17,0.002136,0.002093,,1000,2.136,2.093
2017-02-16,0.002205,0.002139,,1000,2.205,2.139
2017-02-15,0.002102,0.002224,,1000,2.102,2.224
2017-02-14,0.002069,0.00209,,1000,2.069,2.09
2017-02-13,0.002089,0.002067,,1000,2.089,2.067
2017-02-12,0.00211,0.00209,,1000,2.11,2.09
2017-02-11,0.002141,0.002111,,1000,2.141,2.111
2017-02-10,0.002157,0.002141,,1000,2.157,2.141
2017-02-09,0.002244,0.002155,,1000,2.244,2.155
2017-02-08,0.002321,0.002235,,1000,2.321,2.235
2017-02-07,0.002372,0.002319,,1000,2.372,2.319
2017-02-06,0.002351,0.002369,,1000,2.351,2.369
2017-02-05,0.002397,0.002344,,1000,2.397,2.344
2017-02-04,0.002403,0.002391,,1000,2.403,2.391
2017-02-03,0.002426,0.002399,,1000,2.426,2.399
2017-02-02,0.002362,0.00242,,1000,2.362,2.42
2017-02-01,0.002354,0.002357,,1000,2.354,2.357
2017-01-31,0.002457,0.002371,,1000,2.457,2.371
2017-01-30,0.002225,0.002458,,1000,2.225,2.458
2017-01-29,0.002192,0.002225,,1000,2.192,2.225
2017-01-28,0.002203,0.002192,,1000,2.203,2.192
2017-01-27,0.002254,0.002196,,1000,2.254,2.196
2017-01-26,0.002157,0.002197,,1000,2.157,2.197
2017-01-25,0.002234,0.002157,,1000,2.234,2.157
2017-01-24,0.002336,0.002234,,1000,2.336,2.234
2017-01-23,0.002323,0.002332,,1000,2.323,2.332
2017-01-22,0.002295,0.002336,,1000,2.295,2.336
2017-01-21,0.002371,0.002301,,1000,2.371,2.301
2017-01-20,0.002348,0.002357,,1000,2.348,2.357
2017-01-19,0.00249,0.002349,,1000,2.49,2.349
2017-01-18,0.002546,0.002481,,1000,2.546,2.481
2017-01-17,0.00238,0.002545,,1000,2.38,2.545
2017-01-16,0.002441,0.00238,,1000,2.441,2.38
2017-01-15,0.002458,0.002441,,1000,2.458,2.441
2017-01-14,0.002378,0.002472,,1000,2.378,2.472
2017-01-13,0.002459,0.002398,,1000,2.459,2.398
2017-01-12,0.00208,0.002475,,1000,2.08,2.475
2017-01-11,0.002355,0.002089,,1000,2.355,2.089
2017-01-10,0.002346,0.002355,,1000,2.346,2.355
2017-01-09,0.002357,0.002347,,1000,2.357,2.347
2017-01-08,0.002396,0.002355,,1000,2.396,2.355
2017-01-07,0.002497,0.002396,,1000,2.497,2.396
2017-01-06,0.002606,0.002494,,1000,2.606,2.494
2017-01-05,0.002737,0.002598,,1000,2.737,2.598
2017-01-04,0.002553,0.002735,,1000,2.553,2.735
2017-01-03,0.002499,0.002554,,1000,2.499,2.554
2017-01-02,0.002475,0.002477,,1000,2.475,2.477
2017-01-01,0.002464,0.002481,,1000,2.464,2.481
2016-12-31,0.002545,0.002469,,1000,2.545,2.469
2016-12-30,0.002559,0.002544,,1000,2.559,2.544
2016-12-29,0.00251,0.002559,,1000,2.51,2.559
2016-12-28,0.002552,0.002509,,1000,2.552,2.509
2016-12-27,0.002658,0.002543,,1000,2.658,2.543
2016-12-26,0.002578,0.002657,,1000,2.578,2.657
2016-12-25,0.002692,0.002578,,1000,2.692,2.578
2016-12-24,0.002579,0.002691,,1000,2.579,2.691
2016-12-23,0.002757,0.002646,,1000,2.757,2.646
2016-12-22,0.002824,0.002751,,1000,2.824,2.751
2016-12-21,0.002842,0.00281,,1000,2.842,2.81
2016-12-20,0.002867,0.002836,,1000,2.867,2.836
2016-12-19,0.002901,0.002868,,1000,2.901,2.868
2016-12-18,0.002772,0.0029,,1000,2.772,2.9
2016-12-17,0.003129,0.002772,,1000,3.129,2.772
2016-12-16,0.002821,0.003123,,1000,2.821,3.123
2016-12-15,0.002151,0.002802,,1000,2.151,2.802
2016-12-14,0.002163,0.00215,,1000,2.163,2.15
2016-12-13,0.002265,0.002158,,1000,2.265,2.158
2016-12-12,0.002353,0.002272,,1000,2.353,2.272
2016-12-11,0.002204,0.002353,,1000,2.204,2.353
2016-12-10,0.002587,0.002233,,1000,2.587,2.233
2016-12-09,0.002444,0.002545,,1000,2.444,2.545
2016-12-08,0.002749,0.002421,,1000,2.749,2.421
2016-12-07,0.002653,0.002767,,1000,2.653,2.767
2016-12-06,0.001542,0.002666,,1000,1.542,2.666
2016-12-05,0.001532,0.001542,,1000,1.532,1.542
2016-12-04,0.001592,0.001532,,1000,1.592,1.532
2016-12-03,0.001529,0.001592,,1000,1.529,1.592
2016-12-02,0.00162,0.001529,,1000,1.62,1.529
2016-12-01,0.001629,0.001619,,1000,1.629,1.619
2016-11-30,0.001666,0.001629,,1000,1.666,1.629
2016-11-29,0.001655,0.001667,,1000,1.655,1.667
2016-11-28,0.001665,0.001655,,1000,1.665,1.655
2016-11-27,0.001649,0.001665,,1000,1.649,1.665
2016-11-26,0.001717,0.001649,,1000,1.717,1.649
2016-11-25,0.001691,0.001722,,1000,1.691,1.722
2016-11-24,0.001733,0.001691,,1000,1.733,1.691
2016-11-23,0.001727,0.001733,,1000,1.727,1.733
2016-11-22,0.001755,0.001735,,1000,1.755,1.735
2016-11-21,0.00176,0.001755,,1000,1.76,1.755
2016-11-20,0.001797,0.00176,,1000,1.797,1.76
2016-11-19,0.001806,0.001796,,1000,1.806,1.796
2016-11-18,0.001812,0.001807,,1000,1.812,1.807
2016-11-17,0.001775,0.00182,,1000,1.775,1.82
2016-11-16,0.001852,0.001772,,1000,1.852,1.772
2016-11-15,0.001883,0.001853,,1000,1.883,1.853
2016-11-14,0.001895,0.00188,,1000,1.895,1.88
2016-11-13,0.001899,0.001896,,1000,1.899,1.896
2016-11-12,0.001913,0.001899,,1000,1.913,1.899
2016-11-11,0.001948,0.001913,,1000,1.948,1.913
2016-11-10,0.001968,0.001948,,1000,1.968,1.948
2016-11-09,0.001994,0.001968,,1000,1.994,1.968
2016-11-08,0.002013,0.001986,,1000,2.013,1.986
2016-11-07,0.001969,0.002013,,1000,1.969,2.013
2016-11-06,0.002021,0.001959,,1000,2.021,1.959
2016-11-05,0.002003,0.002021,,1000,2.003,2.021
2016-11-04,0.001991,0.001999,,1000,1.991,1.999
2016-11-03,0.002014,0.001994,,1000,2.014,1.994
2016-11-02,0.001977,0.002023,,1000,1.977,2.023
2016-11-01,0.002088,0.001976,,1000,2.088,1.976
2016-10-31,0.002119,0.002088,,1000,2.119,2.088
2016-10-30,0.001964,0.002127,,1000,1.964,2.127
2016-10-29,0.002095,0.001957,,1000,2.095,1.957
2016-10-28,0.002145,0.002095,,1000,2.145,2.095
2016-10-27,0.002337,0.002176,,1000,2.337,2.176
2016-10-26,0.002358,0.002338,,1000,2.358,2.338
2016-10-25,0.002471,0.002357,,1000,2.471,2.357
2016-10-24,0.002439,0.002471,,1000,2.439,2.471
2016-10-23,0.002409,0.002438,,1000,2.409,2.438
2016-10-22,0.00247,0.002407,,1000,2.47,2.407
2016-10-21,0.002668,0.002476,,1000,2.668,2.476
2016-10-20,0.002336,0.00267,,1000,2.336,2.67
2016-10-19,0.002388,0.002339,,1000,2.388,2.339
2016-10-18,0.00229,0.002388,,1000,2.29,2.388
2016-10-17,0.002419,0.002291,,1000,2.419,2.291
2016-10-16,0.002437,0.002418,,1000,2.437,2.418
2016-10-15,0.002479,0.002439,,1000,2.479,2.439
2016-10-14,0.002536,0.002479,,1000,2.536,2.479
2016-10-13,0.002637,0.002539,,1000,2.637,2.539
2016-10-12,0.002678,0.002637,,1000,2.678,2.637
2016-10-11,0.002467,0.002679,,1000,2.467,2.679
2016-10-10,0.00238,0.002466,,1000,2.38,2.466
2016-10-09,0.002317,0.002376,,1000,2.317,2.376
2016-10-08,0.002386,0.002317,,1000,2.386,2.317
2016-10-07,0.002306,0.002374,,1000,2.306,2.374
2016-10-06,0.002497,0.002306,,1000,2.497,2.306
2016-10-05,0.00259,0.002485,,1000,2.59,2.485
2016-10-04,0.002705,0.00259,,1000,2.705,2.59
2016-10-03,0.002872,0.00271,,1000,2.872,2.71
2016-10-02,0.002782,0.002867,,1000,2.782,2.867
2016-10-01,0.002839,0.002763,,1000,2.839,2.763
2016-09-30,0.003017,0.002847,,1000,3.017,2.847
2016-09-29,0.003136,0.003066,,1000,3.136,3.066
2016-09-28,0.002556,0.003149,,1000,2.556,3.149
2016-09-27,0.002384,0.002549,,1000,2.384,2.549
2016-09-26,0.002459,0.002385,,1000,2.459,2.385
2016-09-25,0.002213,0.002454,,1000,2.213,2.454
2016-09-24,0.002068,0.002219,,1000,2.068,2.219
2016-09-23,0.002138,0.002083,,1000,2.138,2.083
2016-09-22,0.002085,0.002138,,1000,2.085,2.138
2016-09-21,0.002055,0.002085,,1000,2.055,2.085
2016-09-20,0.002127,0.002052,,1000,2.127,2.052
2016-09-19,0.002089,0.002127,,1000,2.089,2.127
2016-09-18,0.002162,0.00209,,1000,2.162,2.09
2016-09-17,0.002082,0.002162,,1000,2.082,2.162
2016-09-16,0.002304,0.002082,,1000,2.304,2.082
2016-09-15,0.001963,0.002319,,1000,1.963,2.319
2016-09-14,0.001946,0.001963,,1000,1.946,1.963
2016-09-13,0.001941,0.001951,,1000,1.941,1.951
2016-09-12,0.001926,0.00194,,1000,1.926,1.94
2016-09-11,0.002023,0.001966,,1000,2.023,1.966
2016-09-10,0.002003,0.002032,,1000,2.003,2.032
2016-09-09,0.00193,0.00202,,1000,1.93,2.02
2016-09-08,0.001925,0.001931,,1000,1.925,1.931
2016-09-07,0.001925,0.001925,,1000,1.925,1.925
2016-09-06,0.001912,0.001925,,1000,1.912,1.925
2016-09-05,0.001942,0.001912,,1000,1.942,1.912
2016-09-04,0.001903,0.001934,,1000,1.903,1.934
2016-09-03,0.001885,0.001902,,1000,1.885,1.902
2016-09-02,0.001887,0.001885,,1000,1.887,1.885
2016-09-01,0.001906,0.001887,,1000,1.906,1.887
2016-08-31,0.00185,0.001906,,1000,1.85,1.906
2016-08-30,0.00183,0.00185,,1000,1.83,1.85
2016-08-29,0.001819,0.00183,,1000,1.819,1.83
2016-08-28,0.001861,0.001808,,1000,1.861,1.808
2016-08-27,0.001888,0.001862,,1000,1.888,1.862
2016-08-26,0.001856,0.001888,,1000,1.856,1.888
2016-08-25,0.001889,0.001874,,1000,1.889,1.874
2016-08-24,0.001878,0.001888,,1000,1.878,1.888
2016-08-23,0.001924,0.001878,,1000,1.924,1.878
2016-08-22,0.00191,0.001919,,1000,1.91,1.919
2016-08-21,0.00193,0.001908,,1000,1.93,1.908
2016-08-20,0.00197,0.00193,,1000,1.97,1.93
2016-08-19,0.001976,0.001963,,1000,1.976,1.963
2016-08-18,0.001997,0.001976,,1000,1.997,1.976
2016-08-17,0.002016,0.001993,,1000,2.016,1.993
2016-08-16,0.002022,0.002016,,1000,2.022,2.016
2016-08-15,0.001997,0.002019,,1000,1.997,2.019
2016-08-14,0.002042,0.002005,,1000,2.042,2.005
2016-08-13,0.001831,0.002038,,1000,1.831,2.038
2016-08-12,0.001889,0.001831,,1000,1.889,1.831
2016-08-11,0.00189,0.001889,,1000,1.89,1.889
2016-08-10,0.001871,0.001892,,1000,1.871,1.892
2016-08-09,0.001849,0.001871,,1000,1.849,1.871
2016-08-08,0.001887,0.001848,,1000,1.887,1.848
2016-08-07,0.001956,0.001888,,1000,1.956,1.888
2016-08-06,0.0019,0.001956,,1000,1.9,1.956
2016-08-05,0.001879,0.0019,,1000,1.879,1.9
2016-08-04,0.001801,0.001879,,1000,1.801,1.879
2016-08-03,0.001773,0.001804,,1000,1.773,1.804
2016-08-02,0.001886,0.001736,,1000,1.886,1.736
2016-08-01,0.001915,0.001874,,1000,1.915,1.874
2016-07-31,0.00194,0.001916,,1000,1.94,1.916
2016-07-30,0.002013,0.00194,,1000,2.013,1.94
2016-07-29,0.001949,0.002013,,1000,1.949,2.013
2016-07-28,0.001931,0.001948,,1000,1.931,1.948
2016-07-27,0.001938,0.001931,,1000,1.938,1.931
2016-07-26,0.002148,0.001939,,1000,2.148,1.939
2016-07-25,0.002274,0.002143,,1000,2.274,2.143
2016-07-24,0.002102,0.002253,,1000,2.102,2.253
2016-07-23,0.001829,0.002084,,1000,1.829,2.084
2016-07-22,0.00184,0.001824,,1000,1.84,1.824
2016-07-21,0.001881,0.001839,,1000,1.881,1.839
2016-07-20,0.0019,0.001862,,1000,1.9,1.862
2016-07-19,0.001985,0.0019,,1000,1.985,1.9
2016-07-18,0.001927,0.001982,,1000,1.927,1.982
2016-07-17,0.001926,0.001925,,1000,1.926,1.925
2016-07-16,0.001973,0.001926,,1000,1.973,1.926
2016-07-15,0.002039,0.001977,,1000,2.039,1.977
2016-07-14,0.002154,0.002039,,1000,2.154,2.039
2016-07-13,0.001971,0.002164,,1000,1.971,2.164
2016-07-12,0.001817,0.001991,,1000,1.817,1.991
2016-07-11,0.001851,0.001809,,1000,1.851,1.809
2016-07-10,0.001763,0.001852,,1000,1.763,1.852
2016-07-09,0.001824,0.001763,,1000,1.824,1.763
2016-07-08,0.00174,0.00187,,1000,1.74,1.87
2016-07-07,0.001847,0.00174,,1000,1.847,1.74
2016-07-06,0.001869,0.001846,,1000,1.869,1.846
2016-07-05,0.001932,0.001869,,1000,1.932,1.869
2016-07-04,0.001929,0.001935,,1000,1.929,1.935
2016-07-03,0.002035,0.001928,,1000,2.035,1.928
2016-07-02,0.002035,0.00204,,1000,2.035,2.04
2016-07-01,0.002117,0.002035,,1000,2.117,2.035
2016-06-30,0.002048,0.002143,,1000,2.048,2.143
2016-06-29,0.002347,0.00204,,1000,2.347,2.04
2016-06-28,0.002545,0.002333,,1000,2.545,2.333
2016-06-27,0.00202,0.002657,,1000,2.02,2.657
2016-06-26,0.001788,0.002026,,1000,1.788,2.026
2016-06-25,0.001789,0.001788,,1000,1.789,1.788
2016-06-24,0.001666,0.001786,,1000,1.666,1.786
2016-06-23,0.001641,0.001666,,1000,1.641,1.666
2016-06-22,0.001709,0.00162,,1000,1.709,1.62
2016-06-21,0.001761,0.001711,,1000,1.761,1.711
2016-06-20,0.001835,0.001774,,1000,1.835,1.774
2016-06-19,0.001758,0.001831,,1000,1.758,1.831
2016-06-18,0.001697,0.001758,,1000,1.697,1.758
2016-06-17,0.001723,0.001697,,1000,1.723,1.697
2016-06-16,0.001667,0.001722,,1000,1.667,1.722
2016-06-15,0.001754,0.001668,,1000,1.754,1.668
2016-06-14,0.001561,0.001754,,1000,1.561,1.754
2016-06-13,0.00162,0.001561,,1000,1.62,1.561
2016-06-12,0.001576,0.00162,,1000,1.576,1.62
2016-06-11,0.001573,0.001576,,1000,1.573,1.576
2016-06-10,0.001587,0.001573,,1000,1.587,1.573
2016-06-09,0.001496,0.001587,,1000,1.496,1.587
2016-06-08,0.001488,0.001497,,1000,1.488,1.497
2016-06-07,0.001496,0.001488,,1000,1.496,1.488
2016-06-06,0.001498,0.001496,,1000,1.498,1.496
2016-06-05,0.001526,0.001498,,1000,1.526,1.498
2016-06-04,0.00153,0.001527,,1000,1.53,1.527
2016-06-03,0.001512,0.00153,,1000,1.512,1.53
2016-06-02,0.001526,0.001512,,1000,1.526,1.512
2016-06-01,0.001542,0.001525,,1000,1.542,1.525
2016-05-31,0.001512,0.001543,,1000,1.512,1.543
2016-05-30,0.001497,0.00151,,1000,1.497,1.51
2016-05-29,0.001475,0.001497,,1000,1.475,1.497
2016-05-28,0.001444,0.001476,,1000,1.444,1.476
2016-05-27,0.001481,0.001444,,1000,1.481,1.444
2016-05-26,0.001551,0.001489,,1000,1.551,1.489
2016-05-25,0.00161,0.00155,,1000,1.61,1.55
2016-05-24,0.001599,0.001608,,1000,1.599,1.608
2016-05-23,0.001626,0.001599,,1000,1.626,1.599
2016-05-22,0.001634,0.001626,,1000,1.634,1.626
2016-05-21,0.00165,0.001634,,1000,1.65,1.634
2016-05-20,0.001665,0.001649,,1000,1.665,1.649
2016-05-19,0.001711,0.001661,,1000,1.711,1.661
2016-05-18,0.0017,0.001711,,1000,1.7,1.711
2016-05-17,0.001724,0.001692,,1000,1.724,1.692
2016-05-16,0.00174,0.001724,,1000,1.74,1.724
2016-05-15,0.001783,0.001762,,1000,1.783,1.762
2016-05-14,0.00177,0.001781,,1000,1.77,1.781
2016-05-13,0.001801,0.00177,,1000,1.801,1.77
2016-05-12,0.001797,0.0018,,1000,1.797,1.8
2016-05-11,0.001775,0.001797,,1000,1.775,1.797
2016-05-10,0.001802,0.001774,,1000,1.802,1.774
2016-05-09,0.001796,0.001802,,1000,1.796,1.802
2016-05-08,0.001814,0.001796,,1000,1.814,1.796
2016-05-07,0.001837,0.001814,,1000,1.837,1.814
2016-05-06,0.00184,0.001829,,1000,1.84,1.829
2016-05-05,0.001865,0.00184,,1000,1.865,1.84
2016-05-04,0.001862,0.001865,,1000,1.862,1.865
2016-05-03,0.001868,0.001862,,1000,1.868,1.862
2016-05-02,0.001883,0.001868,,1000,1.883,1.868
2016-05-01,0.001852,0.001883,,1000,1.852,1.883
2016-04-30,0.001849,0.001852,,1000,1.849,1.852
2016-04-29,0.001904,0.001849,,1000,1.904,1.849
2016-04-28,0.001833,0.001904,,1000,1.833,1.904
2016-04-27,0.00182,0.001832,,1000,1.82,1.832
2016-04-26,0.001874,0.001819,,1000,1.874,1.819
2016-04-25,0.001912,0.001876,,1000,1.912,1.876
2016-04-24,0.001926,0.001912,,1000,1.926,1.912
2016-04-23,0.001917,0.001926,,1000,1.917,1.926
2016-04-22,0.001874,0.001917,,1000,1.874,1.917
2016-04-21,0.001919,0.001874,,1000,1.919,1.874
2016-04-20,0.001928,0.001928,,1000,1.928,1.928
2016-04-19,0.001903,0.001929,,1000,1.903,1.929
2016-04-18,0.001899,0.001903,,1000,1.899,1.903
2016-04-17,0.001922,0.001899,,1000,1.922,1.899
2016-04-16,0.001879,0.001922,,1000,1.879,1.922
2016-04-15,0.001877,0.001879,,1000,1.877,1.879
2016-04-14,0.001874,0.001877,,1000,1.874,1.877
2016-04-13,0.001876,0.001863,,1000,1.876,1.863
2016-04-12,0.001903,0.001871,,1000,1.903,1.871
2016-04-11,0.001885,0.001903,,1000,1.885,1.903
2016-04-10,0.002018,0.001882,,1000,2.018,1.882
2016-04-09,0.002184,0.002017,,1000,2.184,2.017
2016-04-08,0.002156,0.002184,,1000,2.156,2.184
2016-04-07,0.002154,0.002155,,1000,2.154,2.155
2016-04-06,0.00216,0.002163,,1000,2.16,2.163
2016-04-05,0.002299,0.00216,,1000,2.299,2.16
2016-04-04,0.002205,0.002294,,1000,2.205,2.294
2016-04-03,0.002089,0.00221,,1000,2.089,2.21
2016-04-02,0.002047,0.002089,,1000,2.047,2.089
2016-04-01,0.002026,0.002047,,1000,2.026,2.047
2016-03-31,0.002039,0.002027,,1000,2.039,2.027
2016-03-30,0.002087,0.002039,,1000,2.087,2.039
2016-03-29,0.002112,0.002087,,1000,2.112,2.087
2016-03-28,0.002031,0.002113,,1000,2.031,2.113
2016-03-27,0.002059,0.002027,,1000,2.059,2.027
2016-03-26,0.002075,0.002059,,1000,2.075,2.059
2016-03-25,0.002087,0.002076,,1000,2.087,2.076
2016-03-24,0.002174,0.00208,,1000,2.174,2.08
2016-03-23,0.002079,0.002174,,1000,2.079,2.174
2016-03-22,0.002074,0.002079,,1000,2.074,2.079
2016-03-21,0.002088,0.002074,,1000,2.088,2.074
2016-03-20,0.001998,0.002088,,1000,1.998,2.088
2016-03-19,0.001985,0.002015,,1000,1.985,2.015
2016-03-18,0.002146,0.00198,,1000,2.146,1.98
2016-03-17,0.002138,0.002147,,1000,2.138,2.147
2016-03-16,0.002197,0.002136,,1000,2.197,2.136
2016-03-15,0.00214,0.002193,,1000,2.14,2.193
2016-03-14,0.002189,0.002138,,1000,2.189,2.138
2016-03-13,0.002278,0.002177,,1000,2.278,2.177
2016-03-12,0.002555,0.00227,,1000,2.555,2.27
2016-03-11,0.002374,0.002567,,1000,2.374,2.567
2016-03-10,0.002229,0.002368,,1000,2.229,2.368
2016-03-09,0.002216,0.002229,,1000,2.216,2.229
2016-03-08,0.002348,0.002216,,1000,2.348,2.216
2016-03-07,0.00194,0.002392,,1000,1.94,2.392
2016-03-06,0.001824,0.001938,,1000,1.824,1.938
2016-03-05,0.001913,0.001824,,1000,1.913,1.824
2016-03-04,0.001891,0.001914,,1000,1.891,1.914
2016-03-03,0.001888,0.00189,,1000,1.888,1.89
2016-03-02,0.00191,0.001884,,1000,1.91,1.884
2016-03-01,0.001949,0.001909,,1000,1.949,1.909
2016-02-29,0.001981,0.001949,,1000,1.981,1.949
2016-02-28,0.002003,0.001981,,1000,2.003,1.981
2016-02-27,0.001955,0.002003,,1000,1.955,2.003
2016-02-26,0.001976,0.001943,,1000,1.976,1.943
2016-02-25,0.001944,0.001975,,1000,1.944,1.975
2016-02-24,0.001904,0.001959,,1000,1.904,1.959
2016-02-23,0.001984,0.001903,,1000,1.984,1.903
2016-02-22,0.002155,0.001976,,1000,2.155,1.976
2016-02-21,0.002057,0.002157,,1000,2.057,2.157
2016-02-20,0.00211,0.002101,,1000,2.11,2.101
2016-02-19,0.002118,0.00211,,1000,2.118,2.11
2016-02-18,0.00216,0.002122,,1000,2.16,2.122
2016-02-17,0.002644,0.002158,,1000,2.644,2.158
2016-02-16,0.00219,0.002649,,1000,2.19,2.649
2016-02-15,0.002192,0.002203,,1000,2.192,2.203
2016-02-14,0.002198,0.00219,,1000,2.198,2.19
2016-02-13,0.002331,0.002203,,1000,2.331,2.203
2016-02-12,0.001878,0.002344,,1000,1.878,2.344
2016-02-11,0.001844,0.001878,,1000,1.844,1.878
2016-02-10,0.001828,0.001849,,1000,1.828,1.849
2016-02-09,0.001853,0.001826,,1000,1.853,1.826
2016-02-08,0.001839,0.001841,,1000,1.839,1.841
2016-02-07,0.001864,0.001852,,1000,1.864,1.852
2016-02-06,0.001835,0.001864,,1000,1.835,1.864
2016-02-05,0.001803,0.001834,,1000,1.803,1.834
2016-02-04,0.001807,0.001803,,1000,1.807,1.803
2016-02-03,0.001796,0.001807,,1000,1.796,1.807
2016-02-02,0.001793,0.001796,,1000,1.793,1.796
2016-02-01,0.001776,0.001792,,1000,1.776,1.792
2016-01-31,0.001735,0.001776,,1000,1.735,1.776
2016-01-30,0.001887,0.001735,,1000,1.887,1.735
2016-01-29,0.001909,0.001888,,1000,1.909,1.888
2016-01-28,0.002237,0.001908,,1000,2.237,1.908
2016-01-27,0.001903,0.002235,,1000,1.903,2.235
2016-01-26,0.001712,0.001901,,1000,1.712,1.901
2016-01-25,0.001723,0.001709,,1000,1.723,1.709
2016-01-24,0.001695,0.001723,,1000,1.695,1.723
2016-01-23,0.001702,0.001696,,1000,1.702,1.696
2016-01-22,0.001733,0.001704,,1000,1.733,1.704
2016-01-21,0.001817,0.001738,,1000,1.817,1.738
2016-01-20,0.001813,0.001821,,1000,1.813,1.821
2016-01-19,0.001712,0.001826,,1000,1.712,1.826
2016-01-18,0.001714,0.001711,,1000,1.714,1.711
2016-01-17,0.001748,0.001714,,1000,1.748,1.714
2016-01-16,0.001737,0.001748,,1000,1.737,1.748
2016-01-15,0.001927,0.001737,,1000,1.927,1.737
2016-01-14,0.001824,0.001914,,1000,1.824,1.914
2016-01-13,0.001741,0.001824,,1000,1.741,1.824
2016-01-12,0.001736,0.001743,,1000,1.736,1.743
2016-01-11,0.001766,0.001739,,1000,1.766,1.739
2016-01-10,0.001749,0.001765,,1000,1.749,1.765
2016-01-09,0.001682,0.001749,,1000,1.682,1.749
2016-01-08,0.001736,0.001681,,1000,1.736,1.681
2016-01-07,0.001669,0.001728,,1000,1.669,1.728
2016-01-06,0.001721,0.001672,,1000,1.721,1.672
2016-01-05,0.001748,0.001721,,1000,1.748,1.721
2016-01-04,0.001745,0.001748,,1000,1.745,1.748
2016-01-03,0.001753,0.001744,,1000,1.753,1.744
2016-01-02,0.00175,0.001741,,1000,1.75,1.741
2016-01-01,0.001752,0.001748,,1000,1.752,1.748
2015-12-31,0.001764,0.001751,,1000,1.764,1.751
2015-12-30,0.001745,0.001763,,1000,1.745,1.763
2015-12-29,0.001771,0.001743,,1000,1.771,1.743
2015-12-28,0.001722,0.001777,,1000,1.722,1.777
2015-12-27,0.001649,0.00172,,1000,1.649,1.72
2015-12-26,0.00183,0.00165,,1000,1.83,1.65
2015-12-25,0.001757,0.001828,,1000,1.757,1.828
2015-12-24,0.001743,0.00177,,1000,1.743,1.77
2015-12-23,0.001726,0.001742,,1000,1.726,1.742
2015-12-22,0.001781,0.001728,,1000,1.781,1.728
2015-12-21,0.001747,0.00178,,1000,1.747,1.78
2015-12-20,0.001842,0.001746,,1000,1.842,1.746
2015-12-19,0.001849,0.001842,,1000,1.849,1.842
2015-12-18,0.001857,0.001849,,1000,1.857,1.849
2015-12-17,0.001846,0.001857,,1000,1.846,1.857
2015-12-16,0.00187,0.001846,,1000,1.87,1.846
2015-12-15,0.001983,0.00187,,1000,1.983,1.87
2015-12-14,0.002065,0.002002,,1000,2.065,2.002
2015-12-13,0.001986,0.002066,,1000,1.986,2.066
2015-12-12,0.002135,0.001986,,1000,2.135,1.986
2015-12-11,0.002026,0.002135,,1000,2.026,2.135
2015-12-10,0.002063,0.002026,,1000,2.063,2.026
2015-12-09,0.002296,0.002063,,1000,2.296,2.063
2015-12-08,0.001966,0.002292,,1000,1.966,2.292
2015-12-07,0.001917,0.001965,,1000,1.917,1.965
2015-12-06,0.001864,0.00192,,1000,1.864,1.92
2015-12-05,0.002011,0.001864,,1000,2.011,1.864
2015-12-04,0.001713,0.00201,,1000,1.713,2.01
2015-12-03,0.001768,0.001712,,1000,1.768,1.712
2015-12-02,0.001738,0.001767,,1000,1.738,1.767
2015-12-01,0.001721,0.001739,,1000,1.721,1.739
2015-11-30,0.00174,0.001732,,1000,1.74,1.732
2015-11-29,0.001743,0.00174,,1000,1.743,1.74
2015-11-28,0.001765,0.001741,,1000,1.765,1.741
2015-11-27,0.001914,0.001766,,1000,1.914,1.766
2015-11-26,0.001908,0.00192,,1000,1.908,1.92
2015-11-25,0.001868,0.001908,,1000,1.868,1.908
2015-11-24,0.0019,0.001867,,1000,1.9,1.867
2015-11-23,0.001972,0.0019,,1000,1.972,1.9
2015-11-22,0.00191,0.001972,,1000,1.91,1.972
2015-11-21,0.001894,0.00191,,1000,1.894,1.91
2015-11-20,0.001931,0.001895,,1000,1.931,1.895
2015-11-19,0.00191,0.00193,,1000,1.91,1.93
2015-11-18,0.002015,0.001909,,1000,2.015,1.909
2015-11-17,0.001922,0.002015,,1000,1.922,2.015
2015-11-16,0.001987,0.001922,,1000,1.987,1.922
2015-11-15,0.001981,0.001988,,1000,1.981,1.988
2015-11-14,0.001979,0.001981,,1000,1.979,1.981
2015-11-13,0.00207,0.001974,,1000,2.07,1.974
2015-11-12,0.001963,0.002124,,1000,1.963,2.124
2015-11-11,0.002042,0.001964,,1000,2.042,1.964
2015-11-10,0.002031,0.002039,,1000,2.031,2.039
2015-11-09,0.001946,0.002033,,1000,1.946,2.033
2015-11-08,0.002014,0.001943,,1000,2.014,1.943
2015-11-07,0.001919,0.002015,,1000,1.919,2.015
2015-11-06,0.002008,0.001917,,1000,2.008,1.917
2015-11-05,0.002183,0.002012,,1000,2.183,2.012
2015-11-04,0.002197,0.00218,,1000,2.197,2.18
2015-11-03,0.002198,0.002189,,1000,2.198,2.189
2015-11-02,0.002127,0.00219,,1000,2.127,2.19
2015-11-01,0.00216,0.002128,,1000,2.16,2.128
2015-10-31,0.002167,0.00216,,1000,2.167,2.16
2015-10-30,0.00207,0.002184,,1000,2.07,2.184
2015-10-29,0.002047,0.002069,,1000,2.047,2.069
2015-10-28,0.001997,0.00202,,1000,1.997,2.02
2015-10-27,0.00184,0.001997,,1000,1.84,1.997
2015-10-26,0.001889,0.00186,,1000,1.889,1.86
2015-10-25,0.001925,0.001886,,1000,1.925,1.886
2015-10-24,0.001956,0.001923,,1000,1.956,1.923
2015-10-23,0.001958,0.001956,,1000,1.958,1.956
2015-10-22,0.001976,0.001957,,1000,1.976,1.957
2015-10-21,0.00187,0.001975,,1000,1.87,1.975
2015-10-20,0.001941,0.00187,,1000,1.941,1.87
2015-10-19,0.001972,0.001933,,1000,1.972,1.933
2015-10-18,0.001985,0.001972,,1000,1.985,1.972
2015-10-17,0.001935,0.001986,,1000,1.935,1.986
2015-10-16,0.001937,0.001936,,1000,1.937,1.936
2015-10-15,0.001911,0.001934,,1000,1.911,1.934
2015-10-14,0.002101,0.001915,,1000,2.101,1.915
2015-10-13,0.002031,0.002101,,1000,2.031,2.101
2015-10-12,0.002109,0.002031,,1000,2.109,2.031
2015-10-11,0.002084,0.00211,,1000,2.084,2.11
2015-10-10,0.002098,0.002084,,1000,2.098,2.084
2015-10-09,0.001996,0.002121,,1000,1.996,2.121
2015-10-08,0.002076,0.001996,,1000,2.076,1.996
2015-10-07,0.002077,0.002075,,1000,2.077,2.075
2015-10-06,0.002023,0.002077,,1000,2.023,2.077
2015-10-05,0.002051,0.001989,,1000,2.051,1.989
2015-10-04,0.002056,0.002051,,1000,2.056,2.051
2015-10-03,0.002076,0.002013,,1000,2.076,2.013
2015-10-02,0.002182,0.002076,,1000,2.182,2.076
2015-10-01,0.001984,0.002224,,1000,1.984,2.224
2015-09-30,0.002075,0.001985,,1000,2.075,1.985
2015-09-29,0.002091,0.002055,,1000,2.091,2.055
2015-09-28,0.002068,0.002091,,1000,2.068,2.091
2015-09-27,0.00207,0.002067,,1000,2.07,2.067
2015-09-26,0.002056,0.002071,,1000,2.056,2.071
2015-09-25,0.002058,0.002056,,1000,2.058,2.056
2015-09-24,0.002073,0.002058,,1000,2.073,2.058
2015-09-23,0.002138,0.002082,,1000,2.138,2.082
2015-09-22,0.002142,0.002138,,1000,2.142,2.138
2015-09-21,0.002223,0.002142,,1000,2.223,2.142
2015-09-20,0.002295,0.002223,,1000,2.295,2.223
2015-09-19,0.002244,0.002295,,1000,2.244,2.295
2015-09-18,0.002228,0.002243,,1000,2.228,2.243
2015-09-17,0.002152,0.002228,,1000,2.152,2.228
2015-09-16,0.002183,0.002159,,1000,2.183,2.159
2015-09-15,0.002139,0.002183,,1000,2.139,2.183
2015-09-14,0.002157,0.002139,,1000,2.157,2.139
2015-09-13,0.002239,0.002158,,1000,2.239,2.158
2015-09-12,0.002231,0.002239,,1000,2.231,2.239
2015-09-11,0.002208,0.002231,,1000,2.208,2.231
2015-09-10,0.002195,0.002208,,1000,2.195,2.208
2015-09-09,0.0023,0.002195,,1000,2.3,2.195
2015-09-08,0.002451,0.0023,,1000,2.451,2.3
2015-09-07,0.002527,0.002452,,1000,2.527,2.452
2015-09-06,0.002417,0.002527,,1000,2.417,2.527
2015-09-05,0.002321,0.002476,,1000,2.321,2.476
2015-09-04,0.002377,0.002321,,1000,2.377,2.321
2015-09-03,0.002423,0.002377,,1000,2.423,2.377
2015-09-02,0.002436,0.002423,,1000,2.436,2.423
2015-09-01,0.002478,0.002435,,1000,2.478,2.435
2015-08-31,0.002364,0.002479,,1000,2.364,2.479
2015-08-30,0.002577,0.002363,,1000,2.577,2.363
2015-08-29,0.002356,0.002577,,1000,2.356,2.577
2015-08-28,0.002006,0.002354,,1000,2.006,2.354
2015-08-27,0.002034,0.002005,,1000,2.034,2.005
2015-08-26,0.001856,0.002035,,1000,1.856,2.035
2015-08-25,0.001882,0.001855,,1000,1.882,1.855
2015-08-24,0.001971,0.001892,,1000,1.971,1.892
2015-08-23,0.002001,0.001959,,1000,2.001,1.959
2015-08-22,0.001994,0.002001,,1000,1.994,2.001
2015-08-21,0.002027,0.001995,,1000,2.027,1.995
2015-08-20,0.001797,0.00203,,1000,1.797,2.03
2015-08-19,0.00187,0.00181,,1000,1.87,1.81
2015-08-18,0.00217,0.001878,,1000,2.17,1.878
2015-08-17,0.002144,0.00217,,1000,2.144,2.17
2015-08-16,0.00227,0.002135,,1000,2.27,2.135
2015-08-15,0.002313,0.00227,,1000,2.313,2.27
2015-08-14,0.002265,0.002314,,1000,2.265,2.314
2015-08-13,0.002379,0.002264,,1000,2.379,2.264
2015-08-12,0.002396,0.00238,,1000,2.396,2.38
2015-08-11,0.002466,0.002398,,1000,2.466,2.398
2015-08-10,0.002345,0.002466,,1000,2.345,2.466
2015-08-09,0.002421,0.002345,,1000,2.421,2.345
2015-08-08,0.002433,0.002419,,1000,2.433,2.419
2015-08-07,0.002524,0.002432,,1000,2.524,2.432
2015-08-06,0.002634,0.002524,,1000,2.634,2.524
2015-08-05,0.002631,0.002634,,1000,2.631,2.634
2015-08-04,0.002627,0.002632,,1000,2.627,2.632
2015-08-03,0.002725,0.002631,,1000,2.725,2.631
2015-08-02,0.00264,0.002725,,1000,2.64,2.725
2015-08-01,0.002645,0.002642,,1000,2.645,2.642
2015-07-31,0.002811,0.002644,,1000,2.811,2.644
2015-07-30,0.002823,0.002811,,1000,2.823,2.811
2015-07-29,0.002727,0.002823,,1000,2.727,2.823
2015-07-28,0.002945,0.002727,,1000,2.945,2.727
2015-07-27,0.003016,0.002945,,1000,3.016,2.945
2015-07-26,0.002939,0.003016,,1000,2.939,3.016
2015-07-25,0.003093,0.00294,,1000,3.093,2.94
2015-07-24,0.003037,0.003094,,1000,3.037,3.094
2015-07-23,0.003113,0.003037,,1000,3.113,3.037
2015-07-22,0.003064,0.003118,,1000,3.064,3.118
2015-07-21,0.00299,0.003067,,1000,2.99,3.067
2015-07-20,0.002872,0.002986,,1000,2.872,2.986
2015-07-19,0.002898,0.00287,,1000,2.898,2.87
2015-07-18,0.002851,0.002899,,1000,2.851,2.899
2015-07-17,0.002831,0.002853,,1000,2.831,2.853
2015-07-16,0.002995,0.002831,,1000,2.995,2.831
2015-07-15,0.003075,0.003003,,1000,3.075,3.003
2015-07-14,0.003219,0.003077,,1000,3.219,3.077
2015-07-13,0.003183,0.003219,,1000,3.183,3.219
2015-07-12,0.003081,0.003184,,1000,3.081,3.184
2015-07-11,0.003114,0.003081,,1000,3.114,3.081
2015-07-10,0.00306,0.003115,,1000,3.06,3.115
2015-07-09,0.003214,0.003059,,1000,3.214,3.059
2015-07-08,0.00314,0.003214,,1000,3.14,3.214
2015-07-07,0.003229,0.003141,,1000,3.229,3.141
2015-07-06,0.003117,0.003228,,1000,3.117,3.228
2015-07-05,0.003194,0.003122,,1000,3.194,3.122
2015-07-04,0.003265,0.003195,,1000,3.265,3.195
2015-07-03,0.003401,0.003265,,1000,3.401,3.265
2015-07-02,0.003458,0.003401,,1000,3.458,3.401
2015-07-01,0.003469,0.003458,,1000,3.469,3.458
2015-06-30,0.003503,0.00347,,1000,3.503,3.47
2015-06-29,0.003427,0.003503,,1000,3.427,3.503
2015-06-28,0.003554,0.003435,,1000,3.554,3.435
2015-06-27,0.003407,0.003554,,1000,3.407,3.554
2015-06-26,0.003476,0.003407,,1000,3.476,3.407
2015-06-25,0.003425,0.003477,,1000,3.425,3.477
2015-06-24,0.003508,0.003436,,1000,3.508,3.436
2015-06-23,0.003681,0.003508,,1000,3.681,3.508
2015-06-22,0.003527,0.003682,,1000,3.527,3.682
2015-06-21,0.003669,0.003526,,1000,3.669,3.526
2015-06-20,0.003733,0.003658,,1000,3.733,3.658
2015-06-19,0.003774,0.003724,,1000,3.774,3.724
2015-06-18,0.003601,0.003736,,1000,3.601,3.736
2015-06-17,0.003747,0.0036,,1000,3.747,3.6
2015-06-16,0.003461,0.003748,,1000,3.461,3.748
2015-06-15,0.003259,0.003465,,1000,3.259,3.465
2015-06-14,0.003232,0.003261,,1000,3.232,3.261
2015-06-13,0.003085,0.003231,,1000,3.085,3.231
2015-06-12,0.003103,0.003086,,1000,3.103,3.086
2015-06-11,0.003161,0.003104,,1000,3.161,3.104
2015-06-10,0.003206,0.003161,,1000,3.206,3.161
2015-06-09,0.003125,0.003218,,1000,3.125,3.218
2015-06-08,0.003085,0.003126,,1000,3.085,3.126
2015-06-07,0.003135,0.003088,,1000,3.135,3.088
2015-06-06,0.003155,0.003135,,1000,3.155,3.135
2015-06-05,0.003156,0.003155,,1000,3.156,3.155
2015-06-04,0.00303,0.003155,,1000,3.03,3.155
2015-06-03,0.003229,0.00303,,1000,3.229,3.03
2015-06-02,0.003094,0.003216,,1000,3.094,3.216
2015-06-01,0.003397,0.003073,,1000,3.397,3.073
2015-05-31,0.003252,0.003386,,1000,3.252,3.386
2015-05-30,0.003611,0.003219,,1000,3.611,3.219
2015-05-29,0.00355,0.00361,,1000,3.55,3.61
2015-05-28,0.003167,0.003609,,1000,3.167,3.609
2015-05-27,0.003192,0.003167,,1000,3.192,3.167
2015-05-26,0.003179,0.003204,,1000,3.179,3.204
2015-05-25,0.003135,0.003179,,1000,3.135,3.179
2015-05-24,0.003028,0.003121,,1000,3.028,3.121
2015-05-23,0.003096,0.003028,,1000,3.096,3.028
2015-05-22,0.002765,0.003046,,1000,2.765,3.046
2015-05-21,0.002722,0.002765,,1000,2.722,2.765
2015-05-20,0.002653,0.002722,,1000,2.653,2.722
2015-05-19,0.002511,0.002652,,1000,2.511,2.652
2015-05-18,0.002576,0.00251,,1000,2.576,2.51
2015-05-17,0.002599,0.002576,,1000,2.599,2.576
2015-05-16,0.002878,0.002599,,1000,2.878,2.599
2015-05-15,0.002848,0.002878,,1000,2.848,2.878
2015-05-14,0.002809,0.002847,,1000,2.809,2.847
2015-05-13,0.00279,0.00281,,1000,2.79,2.81
2015-05-12,0.002971,0.00281,,1000,2.971,2.81
2015-05-11,0.002786,0.002969,,1000,2.786,2.969
2015-05-10,0.002836,0.002793,,1000,2.836,2.793
2015-05-09,0.002926,0.002873,,1000,2.926,2.873
2015-05-08,0.002773,0.002926,,1000,2.773,2.926
2015-05-07,0.002761,0.002772,,1000,2.761,2.772
2015-05-06,0.002691,0.002757,,1000,2.691,2.757
2015-05-05,0.003021,0.002691,,1000,3.021,2.691
2015-05-04,0.002677,0.003021,,1000,2.677,3.021
2015-05-03,0.002695,0.002677,,1000,2.695,2.677
2015-05-02,0.002646,0.002696,,1000,2.646,2.696
2015-05-01,0.002735,0.002647,,1000,2.735,2.647
2015-04-30,0.002573,0.002732,,1000,2.573,2.732
2015-04-29,0.002632,0.002575,,1000,2.632,2.575
2015-04-28,0.002693,0.00263,,1000,2.693,2.63
2015-04-27,0.002643,0.002692,,1000,2.643,2.692
2015-04-26,0.002656,0.00264,,1000,2.656,2.64
2015-04-25,0.00265,0.002657,,1000,2.65,2.657
2015-04-24,0.002749,0.002658,,1000,2.749,2.658
2015-04-23,0.002657,0.002749,,1000,2.657,2.749
2015-04-22,0.002762,0.002698,,1000,2.762,2.698
2015-04-21,0.002684,0.002758,,1000,2.684,2.758
2015-04-20,0.002685,0.002696,,1000,2.685,2.696
2015-04-19,0.002741,0.002685,,1000,2.741,2.685
2015-04-18,0.002696,0.002742,,1000,2.696,2.742
2015-04-17,0.002763,0.002697,,1000,2.763,2.697
2015-04-16,0.002671,0.002765,,1000,2.671,2.765
2015-04-15,0.002655,0.002655,,1000,2.655,2.655
2015-04-14,0.002716,0.002656,,1000,2.716,2.656
2015-04-13,0.002833,0.002732,,1000,2.833,2.732
2015-04-12,0.002776,0.002796,,1000,2.776,2.796
2015-04-11,0.002639,0.00277,,1000,2.639,2.77
2015-04-10,0.002649,0.002637,,1000,2.649,2.637
2015-04-09,0.002708,0.002649,,1000,2.708,2.649
2015-04-08,0.002689,0.002709,,1000,2.689,2.709
2015-04-07,0.002572,0.00269,,1000,2.572,2.69
2015-04-06,0.002667,0.002589,,1000,2.667,2.589
2015-04-05,0.002689,0.002666,,1000,2.689,2.666
2015-04-04,0.002767,0.00269,,1000,2.767,2.69
2015-04-03,0.002667,0.002768,,1000,2.667,2.768
2015-04-02,0.002803,0.002664,,1000,2.803,2.664
2015-04-01,0.002874,0.002803,,1000,2.874,2.803
2015-03-31,0.002734,0.002816,,1000,2.734,2.816
2015-03-30,0.003047,0.002735,,1000,3.047,2.735
2015-03-29,0.002959,0.003046,,1000,2.959,3.046
2015-03-28,0.003075,0.002958,,1000,3.075,2.958
2015-03-27,0.002952,0.003078,,1000,2.952,3.078
2015-03-26,0.002933,0.00294,,1000,2.933,2.94
2015-03-25,0.002952,0.002934,,1000,2.952,2.934
2015-03-24,0.003217,0.002943,,1000,3.217,2.943
2015-03-23,0.003218,0.003193,,1000,3.218,3.193
2015-03-22,0.002992,0.003193,,1000,2.992,3.193
2015-03-21,0.002794,0.002991,,1000,2.794,2.991
2015-03-20,0.002817,0.002796,,1000,2.817,2.796
2015-03-19,0.002665,0.002817,,1000,2.665,2.817
2015-03-18,0.003,0.002666,,1000,3,2.666
2015-03-17,0.003145,0.003,,1000,3.145,3
2015-03-16,0.003004,0.003144,,1000,3.004,3.144
2015-03-15,0.002961,0.003002,,1000,2.961,3.002
2015-03-14,0.002962,0.002968,,1000,2.962,2.968
2015-03-13,0.003096,0.002969,,1000,3.096,2.969
2015-03-12,0.002929,0.0031,,1000,2.929,3.1
2015-03-11,0.002936,0.00293,,1000,2.936,2.93
2015-03-10,0.0029,0.002935,,1000,2.9,2.935
2015-03-09,0.002958,0.002912,,1000,2.958,2.912
2015-03-08,0.002947,0.002958,,1000,2.947,2.958
2015-03-07,0.002953,0.002947,,1000,2.953,2.947
2015-03-06,0.002994,0.002952,,1000,2.994,2.952
2015-03-05,0.002874,0.002992,,1000,2.874,2.992
2015-03-04,0.002838,0.002888,,1000,2.838,2.888
2015-03-03,0.002969,0.002863,,1000,2.969,2.863
2015-03-02,0.00278,0.003003,,1000,2.78,3.003
2015-03-01,0.003047,0.002781,,1000,3.047,2.781
2015-02-28,0.003165,0.003049,,1000,3.165,3.049
2015-02-27,0.003117,0.003159,,1000,3.117,3.159
2015-02-26,0.003167,0.003117,,1000,3.167,3.117
2015-02-25,0.003121,0.003165,,1000,3.121,3.165
2015-02-24,0.00311,0.003122,,1000,3.11,3.122
2015-02-23,0.002831,0.003108,,1000,2.831,3.108
2015-02-22,0.0032,0.002822,,1000,3.2,2.822
2015-02-21,0.003218,0.003198,,1000,3.218,3.198
2015-02-20,0.003223,0.003222,,1000,3.223,3.222
2015-02-19,0.003161,0.003222,,1000,3.161,3.222
2015-02-18,0.003356,0.00316,,1000,3.356,3.16
2015-02-17,0.003302,0.003359,,1000,3.302,3.359
2015-02-16,0.003294,0.003301,,1000,3.294,3.301
2015-02-15,0.003696,0.003285,,1000,3.696,3.285
2015-02-14,0.003573,0.003709,,1000,3.573,3.709
2015-02-13,0.003424,0.003582,,1000,3.424,3.582
2015-02-12,0.003518,0.003423,,1000,3.518,3.423
2015-02-11,0.003554,0.003515,,1000,3.554,3.515
2015-02-10,0.003641,0.003555,,1000,3.641,3.555
2015-02-09,0.003734,0.003639,,1000,3.734,3.639
2015-02-08,0.00383,0.003733,,1000,3.83,3.733
2015-02-07,0.003817,0.003825,,1000,3.817,3.825
2015-02-06,0.00406,0.003825,,1000,4.06,3.825
2015-02-05,0.003765,0.004001,,1000,3.765,4.001
2015-02-04,0.003751,0.003765,,1000,3.751,3.765
2015-02-03,0.00416,0.00375,,1000,4.16,3.75
2015-02-02,0.004137,0.00418,,1000,4.137,4.18
2015-02-01,0.004325,0.004142,,1000,4.325,4.142
2015-01-31,0.004445,0.004334,,1000,4.445,4.334
2015-01-30,0.004546,0.004462,,1000,4.546,4.462
2015-01-29,0.004899,0.004556,,1000,4.899,4.556
2015-01-28,0.004812,0.004895,,1000,4.812,4.895
2015-01-27,0.004706,0.004816,,1000,4.706,4.816
2015-01-26,0.004806,0.004709,,1000,4.806,4.709
2015-01-25,0.00503,0.00479,,1000,5.03,4.79
2015-01-24,0.004875,0.005038,,1000,4.875,5.038
2015-01-23,0.004916,0.004881,,1000,4.916,4.881
2015-01-22,0.004988,0.004914,,1000,4.988,4.914
2015-01-21,0.00477,0.005054,,1000,4.77,5.054
2015-01-20,0.004804,0.004743,,1000,4.804,4.743
2015-01-19,0.004755,0.004829,,1000,4.755,4.829
2015-01-18,0.00465,0.004739,,1000,4.65,4.739
2015-01-17,0.004366,0.004617,,1000,4.366,4.617
2015-01-16,0.00498,0.004458,,1000,4.98,4.458
2015-01-15,0.004332,0.005013,,1000,4.332,5.013
2015-01-14,0.00402,0.004318,,1000,4.02,4.318
2015-01-13,0.004868,0.004053,,1000,4.868,4.053
2015-01-12,0.005039,0.004903,,1000,5.039,4.903
2015-01-11,0.005179,0.005062,,1000,5.179,5.062
2015-01-10,0.005625,0.00518,,1000,5.625,5.18
2015-01-09,0.005557,0.005622,,1000,5.557,5.622
2015-01-08,0.005283,0.005567,,1000,5.283,5.567
2015-01-07,0.004972,0.005284,,1000,4.972,5.284
2015-01-06,0.004969,0.004972,,1000,4.969,4.972
2015-01-05,0.004422,0.004947,,1000,4.422,4.947
2015-01-04,0.004572,0.004416,,1000,4.572,4.416
2015-01-03,0.005473,0.004672,,1000,5.473,4.672
2015-01-02,0.005438,0.005481,,1000,5.438,5.481
2015-01-01,0.005517,0.005493,,1000,5.517,5.493
2014-12-31,0.005479,0.005516,,1000,5.479,5.516
2014-12-30,0.005591,0.005484,,1000,5.591,5.484
2014-12-29,0.005805,0.00562,,1000,5.805,5.62
2014-12-28,0.006005,0.0058,,1000,6.005,5.8
2014-12-27,0.006195,0.006015,,1000,6.195,6.015
2014-12-26,0.005788,0.006213,,1000,5.788,6.213
2014-12-25,0.005102,0.0058,,1000,5.102,5.8
2014-12-24,0.005774,0.005101,,1000,5.774,5.101
2014-12-23,0.005907,0.00582,,1000,5.907,5.82
2014-12-22,0.005925,0.005907,,1000,5.925,5.907
2014-12-21,0.005886,0.005871,,1000,5.886,5.871
2014-12-20,0.005669,0.005813,,1000,5.669,5.813
2014-12-19,0.00608,0.00613,,1000,6.08,6.13
2014-12-18,0.00413,0.006146,,1000,4.13,6.146
2014-12-17,0.003261,0.004104,,1000,3.261,4.104
2014-12-16,0.002573,0.00325,,1000,2.573,3.25
2014-12-15,0.002474,0.002574,,1000,2.474,2.574
2014-12-14,0.002539,0.002475,,1000,2.539,2.475
2014-12-13,0.002524,0.002553,,1000,2.524,2.553
2014-12-12,0.002554,0.002525,,1000,2.554,2.525
2014-12-11,0.002427,0.002585,,1000,2.427,2.585
2014-12-10,0.002251,0.002435,,1000,2.251,2.435
2014-12-09,0.002339,0.002249,,1000,2.339,2.249
2014-12-08,0.00233,0.002339,,1000,2.33,2.339
2014-12-07,0.002407,0.002329,,1000,2.407,2.329
2014-12-06,0.002356,0.002407,,1000,2.356,2.407
2014-12-05,0.002374,0.002356,,1000,2.374,2.356
2014-12-04,0.002375,0.002375,,1000,2.375,2.375
2014-12-03,0.002409,0.002373,,1000,2.409,2.373
2014-12-02,0.002541,0.002409,,1000,2.541,2.409
2014-12-01,0.002211,0.002541,,1000,2.211,2.541
2014-11-30,0.002521,0.00221,,1000,2.521,2.21
2014-11-29,0.00281,0.002521,,1000,2.81,2.521
2014-11-28,0.003429,0.002861,,1000,3.429,2.861
2014-11-27,0.002139,0.003426,,1000,2.139,3.426
2014-11-26,0.0019,0.00213,,1000,1.9,2.13
2014-11-25,0.001957,0.001898,,1000,1.957,1.898
2014-11-24,0.002164,0.001957,,1000,2.164,1.957
2014-11-23,0.00181,0.002165,,1000,1.81,2.165
2014-11-22,0.001565,0.001809,,1000,1.565,1.809
2014-11-21,0.001589,0.001563,,1000,1.589,1.563
2014-11-20,0.001549,0.001589,,1000,1.549,1.589
2014-11-19,0.001352,0.001548,,1000,1.352,1.548
2014-11-18,0.00161,0.001357,,1000,1.61,1.357
2014-11-17,0.001638,0.001608,,1000,1.638,1.608
2014-11-16,0.001618,0.001637,,1000,1.618,1.637
2014-11-15,0.00172,0.001624,,1000,1.72,1.624
2014-11-14,0.001787,0.001713,,1000,1.787,1.713
2014-11-13,0.001868,0.001793,,1000,1.868,1.793
2014-11-12,0.001755,0.001859,,1000,1.755,1.859
2014-11-11,0.001794,0.001753,,1000,1.794,1.753
2014-11-10,0.001752,0.001799,,1000,1.752,1.799
2014-11-09,0.001733,0.001757,,1000,1.733,1.757
2014-11-08,0.001687,0.001734,,1000,1.687,1.734
2014-11-07,0.001767,0.001688,,1000,1.767,1.688
2014-11-06,0.001755,0.001764,,1000,1.755,1.764
2014-11-05,0.001704,0.001755,,1000,1.704,1.755
2014-11-04,0.001691,0.001703,,1000,1.691,1.703
2014-11-03,0.001582,0.001693,,1000,1.582,1.693
2014-11-02,0.001549,0.001584,,1000,1.549,1.584
2014-11-01,0.001686,0.001548,,1000,1.686,1.548
2014-10-31,0.001748,0.001681,,1000,1.748,1.681
2014-10-30,0.001696,0.001735,,1000,1.696,1.735
2014-10-29,0.001675,0.001696,,1000,1.675,1.696
2014-10-28,0.001957,0.001655,,1000,1.957,1.655
2014-10-27,0.001941,0.001956,,1000,1.941,1.956
2014-10-26,0.001893,0.001941,,1000,1.893,1.941
2014-10-25,0.001959,0.001892,,1000,1.959,1.892
2014-10-24,0.001915,0.001958,,1000,1.915,1.958
2014-10-23,0.002021,0.001914,,1000,2.021,1.914
2014-10-22,0.002062,0.002034,,1000,2.062,2.034
2014-10-21,0.002022,0.00207,,1000,2.022,2.07
2014-10-20,0.002021,0.002023,,1000,2.021,2.023
2014-10-19,0.002058,0.002023,,1000,2.058,2.023
2014-10-18,0.002022,0.002059,,1000,2.022,2.059
2014-10-17,0.002081,0.002021,,1000,2.081,2.021
2014-10-16,0.002173,0.00208,,1000,2.173,2.08
2014-10-15,0.002352,0.002174,,1000,2.352,2.174
2014-10-14,0.002309,0.002352,,1000,2.309,2.352
2014-10-13,0.00224,0.002299,,1000,2.24,2.299
2014-10-12,0.002338,0.002243,,1000,2.338,2.243
2014-10-11,0.002308,0.002336,,1000,2.308,2.336
2014-10-10,0.002356,0.002309,,1000,2.356,2.309
2014-10-09,0.002475,0.002358,,1000,2.475,2.358
2014-10-08,0.00242,0.002477,,1000,2.42,2.477
2014-10-07,0.002578,0.002447,,1000,2.578,2.447
2014-10-06,0.002384,0.002574,,1000,2.384,2.574
2014-10-05,0.002441,0.002387,,1000,2.441,2.387
2014-10-04,0.002604,0.002371,,1000,2.604,2.371
2014-10-03,0.002743,0.002601,,1000,2.743,2.601
2014-10-02,0.002888,0.002773,,1000,2.888,2.773
2014-10-01,0.003221,0.00288,,1000,3.221,2.88
2014-09-30,0.003227,0.003211,,1000,3.227,3.211
2014-09-29,0.00317,0.003212,,1000,3.17,3.212
2014-09-28,0.003262,0.003174,,1000,3.262,3.174
2014-09-27,0.003044,0.003263,,1000,3.044,3.263
2014-09-26,0.0036,0.00305,,1000,3.6,3.05
2014-09-25,0.003878,0.003494,,1000,3.878,3.494
2014-09-24,0.003966,0.00389,,1000,3.966,3.89
2014-09-23,0.004007,0.003965,,1000,4.007,3.965
2014-09-22,0.003466,0.004023,,1000,3.466,4.023
2014-09-21,0.00361,0.003464,,1000,3.61,3.464
2014-09-20,0.003936,0.003612,,1000,3.936,3.612
2014-09-19,0.00346,0.003872,,1000,3.46,3.872
2014-09-18,0.003081,0.003456,,1000,3.081,3.456
2014-09-17,0.002988,0.003072,,1000,2.988,3.072
2014-09-16,0.003031,0.00299,,1000,3.031,2.99
2014-09-15,0.002874,0.002896,,1000,2.874,2.896
2014-09-14,0.003096,0.002943,,1000,3.096,2.943
2014-09-13,0.003032,0.003094,,1000,3.032,3.094
2014-09-12,0.0025,0.002968,,1000,2.5,2.968
2014-09-11,0.002244,0.002501,,1000,2.244,2.501
2014-09-10,0.002179,0.002278,,1000,2.179,2.278
2014-09-09,0.002265,0.002178,,1000,2.265,2.178
2014-09-08,0.002042,0.002257,,1000,2.042,2.257
2014-09-07,0.00206,0.002044,,1000,2.06,2.044
2014-09-06,0.002082,0.002081,,1000,2.082,2.081
2014-09-05,0.00213,0.002082,,1000,2.13,2.082
2014-09-04,0.002059,0.00213,,1000,2.059,2.13
2014-09-03,0.001998,0.002059,,1000,1.998,2.059
2014-09-02,0.002008,0.001999,,1000,2.008,1.999
2014-09-01,0.002061,0.00201,,1000,2.061,2.01
2014-08-31,0.00219,0.002061,,1000,2.19,2.061
2014-08-30,0.002218,0.002195,,1000,2.218,2.195
2014-08-29,0.002184,0.002211,,1000,2.184,2.211
2014-08-28,0.00227,0.00218,,1000,2.27,2.18
2014-08-27,0.002281,0.002273,,1000,2.281,2.273
2014-08-26,0.002221,0.002315,,1000,2.221,2.315
2014-08-25,0.002236,0.002221,,1000,2.236,2.221
2014-08-24,0.002237,0.002232,,1000,2.237,2.232
2014-08-23,0.002358,0.002237,,1000,2.358,2.237
2014-08-22,0.002392,0.002355,,1000,2.392,2.355
2014-08-21,0.002488,0.00239,,1000,2.488,2.39
2014-08-20,0.002223,0.002496,,1000,2.223,2.496
2014-08-19,0.002028,0.002224,,1000,2.028,2.224
2014-08-18,0.002336,0.002025,,1000,2.336,2.025
2014-08-17,0.002507,0.002337,,1000,2.507,2.337
2014-08-16,0.002401,0.002525,,1000,2.401,2.525
2014-08-15,0.002566,0.002403,,1000,2.566,2.403
2014-08-14,0.002763,0.00254,,1000,2.763,2.54
2014-08-13,0.002619,0.002773,,1000,2.619,2.773
2014-08-12,0.003592,0.002659,,1000,3.592,2.659
2014-08-11,0.004566,0.003591,,1000,4.566,3.591
2014-08-10,0.003497,0.004303,,1000,3.497,4.303
2014-08-09,0.002884,0.003481,,1000,2.884,3.481
2014-08-08,0.002493,0.002881,,1000,2.493,2.881
2014-08-07,0.002686,0.002501,,1000,2.686,2.501
2014-08-06,0.002373,0.002657,,1000,2.373,2.657
2014-08-05,0.002976,0.00244,,1000,2.976,2.44
